-- MySQL dump 10.13  Distrib 5.6.24, for Win64 (x86_64)
--
-- Host: localhost    Database: mamishockeydb
-- ------------------------------------------------------
-- Server version	5.6.24-log

/*!40101 SET @OLD_CHARACTER_SET_CLIENT=@@CHARACTER_SET_CLIENT */;
/*!40101 SET @OLD_CHARACTER_SET_RESULTS=@@CHARACTER_SET_RESULTS */;
/*!40101 SET @OLD_COLLATION_CONNECTION=@@COLLATION_CONNECTION */;
/*!40101 SET NAMES utf8 */;
/*!40103 SET @OLD_TIME_ZONE=@@TIME_ZONE */;
/*!40103 SET TIME_ZONE='+00:00' */;
/*!40014 SET @OLD_UNIQUE_CHECKS=@@UNIQUE_CHECKS, UNIQUE_CHECKS=0 */;
/*!40014 SET @OLD_FOREIGN_KEY_CHECKS=@@FOREIGN_KEY_CHECKS, FOREIGN_KEY_CHECKS=0 */;
/*!40101 SET @OLD_SQL_MODE=@@SQL_MODE, SQL_MODE='NO_AUTO_VALUE_ON_ZERO' */;
/*!40111 SET @OLD_SQL_NOTES=@@SQL_NOTES, SQL_NOTES=0 */;

--
-- Table structure for table `cancha`
--

DROP TABLE IF EXISTS `cancha`;
/*!40101 SET @saved_cs_client     = @@character_set_client */;
/*!40101 SET character_set_client = utf8 */;
CREATE TABLE `cancha` (
  `IDCANCHA` bigint(20) NOT NULL,
  `BORRADOLOGICO` tinyint(1) DEFAULT '0',
  `NOMBRE` varchar(255) DEFAULT NULL,
  `UNTIPOCANCHA_IDTIPOCANCHA` bigint(20) DEFAULT NULL,
  PRIMARY KEY (`IDCANCHA`),
  KEY `FK_CANCHA_UNTIPOCANCHA_IDTIPOCANCHA` (`UNTIPOCANCHA_IDTIPOCANCHA`),
  CONSTRAINT `FK_CANCHA_UNTIPOCANCHA_IDTIPOCANCHA` FOREIGN KEY (`UNTIPOCANCHA_IDTIPOCANCHA`) REFERENCES `tipocancha` (`IDTIPOCANCHA`)
) ENGINE=InnoDB DEFAULT CHARSET=utf8;
/*!40101 SET character_set_client = @saved_cs_client */;

--
-- Dumping data for table `cancha`
--

LOCK TABLES `cancha` WRITE;
/*!40000 ALTER TABLE `cancha` DISABLE KEYS */;
INSERT INTO `cancha` VALUES (1,0,'NombreCancha',2),(2,0,'NombreCancha',2),(3,0,'NombreCancha',3),(4,0,'NombreCancha',1),(5,0,'NombreCancha',2),(6,0,'NombreCancha',3),(7,0,'NombreCancha',1),(8,0,'NombreCancha',3),(9,0,'NombreCancha',3),(10,0,'NombreCancha',2),(11,0,'NombreCancha',1),(12,0,'NombreCancha',3),(13,0,'NombreCancha',3),(14,0,'NombreCancha',1),(15,0,'NombreCancha',2),(16,0,'NombreCancha',3),(17,0,'NombreCancha',1),(18,0,'NombreCancha',2),(19,0,'NombreCancha',3),(20,0,'NombreCancha',3),(21,0,'NombreCancha',2),(22,0,'NombreCancha',3),(23,0,'NombreCancha',3),(24,0,'NombreCancha',3),(25,0,'NombreCancha',1),(26,0,'NombreCancha',1),(27,0,'NombreCancha',1),(28,0,'NombreCancha',2),(29,0,'NombreCancha',2),(30,0,'NombreCancha',2);
/*!40000 ALTER TABLE `cancha` ENABLE KEYS */;
UNLOCK TABLES;

--
-- Table structure for table `categoria`
--

DROP TABLE IF EXISTS `categoria`;
/*!40101 SET @saved_cs_client     = @@character_set_client */;
/*!40101 SET character_set_client = utf8 */;
CREATE TABLE `categoria` (
  `IDCATEGORIA` bigint(20) NOT NULL,
  `BORRADOLOGICO` tinyint(1) DEFAULT '0',
  `CANTIDADMAXIMA` int(11) DEFAULT NULL,
  `CANTIDADMINIMA` int(11) DEFAULT NULL,
  `EDADPARAMETRO` int(11) DEFAULT NULL,
  `NOMBRE` varchar(255) DEFAULT NULL,
  PRIMARY KEY (`IDCATEGORIA`)
) ENGINE=InnoDB DEFAULT CHARSET=utf8;
/*!40101 SET character_set_client = @saved_cs_client */;

--
-- Dumping data for table `categoria`
--

LOCK TABLES `categoria` WRITE;
/*!40000 ALTER TABLE `categoria` DISABLE KEYS */;
INSERT INTO `categoria` VALUES (1,0,10,0,40,'Menores'),(2,0,5,0,45,'Intermedio'),(3,0,0,0,50,'Mayores');
/*!40000 ALTER TABLE `categoria` ENABLE KEYS */;
UNLOCK TABLES;

--
-- Table structure for table `club`
--

DROP TABLE IF EXISTS `club`;
/*!40101 SET @saved_cs_client     = @@character_set_client */;
/*!40101 SET character_set_client = utf8 */;
CREATE TABLE `club` (
  `IDCLUB` bigint(20) NOT NULL,
  `BORRADOLOGICO` tinyint(1) DEFAULT '0',
  `LOGO` longblob,
  `NOMBRE` varchar(255) DEFAULT NULL,
  `NOMBREPRESIDENTE` varchar(255) DEFAULT NULL,
  `UNALOCALIDAD_IDLOCALIDAD` bigint(20) DEFAULT NULL,
  `UNARESPONSABLESEDE_DNI` bigint(20) DEFAULT NULL,
  PRIMARY KEY (`IDCLUB`),
  KEY `FK_CLUB_UNALOCALIDAD_IDLOCALIDAD` (`UNALOCALIDAD_IDLOCALIDAD`),
  KEY `FK_CLUB_UNARESPONSABLESEDE_DNI` (`UNARESPONSABLESEDE_DNI`),
  CONSTRAINT `FK_CLUB_UNALOCALIDAD_IDLOCALIDAD` FOREIGN KEY (`UNALOCALIDAD_IDLOCALIDAD`) REFERENCES `localidad` (`IDLOCALIDAD`),
  CONSTRAINT `FK_CLUB_UNARESPONSABLESEDE_DNI` FOREIGN KEY (`UNARESPONSABLESEDE_DNI`) REFERENCES `socia` (`DNI`)
) ENGINE=InnoDB DEFAULT CHARSET=utf8;
/*!40101 SET character_set_client = @saved_cs_client */;

--
-- Dumping data for table `club`
--

LOCK TABLES `club` WRITE;
/*!40000 ALTER TABLE `club` DISABLE KEYS */;
INSERT INTO `club` VALUES (1,0,'','Camionero','DeiCastelli',1,NULL),(2,0,'','Capri','Gregas',1,NULL),(3,0,'','Centro Cazadores','Okulovich',3,NULL),(4,0,'','Crucero del Norte','Kruse',1,NULL),(5,0,'','Educación','Pescador',1,NULL),(6,0,'','Guarani','Franco',1,NULL),(7,0,'','La Picada','Legislador',1,NULL),(8,0,'','Camara legislativo','Franco',1,NULL),(9,0,'','Lux y Fuerza','Franco',1,NULL),(10,0,'','Mitre','Franco',1,NULL),(11,0,'','Pita Pyta Pora','Franco',1,NULL),(12,0,'','Tacuru','Franco',1,NULL),(13,0,'','Ucraniano','Franco',1,NULL),(14,0,'','Union','Franco',1,NULL),(15,0,'','Yta','Franco',1,NULL);
/*!40000 ALTER TABLE `club` ENABLE KEYS */;
UNLOCK TABLES;

--
-- Table structure for table `club_cancha`
--

DROP TABLE IF EXISTS `club_cancha`;
/*!40101 SET @saved_cs_client     = @@character_set_client */;
/*!40101 SET character_set_client = utf8 */;
CREATE TABLE `club_cancha` (
  `Club_IDCLUB` bigint(20) NOT NULL,
  `canchas_IDCANCHA` bigint(20) NOT NULL,
  PRIMARY KEY (`Club_IDCLUB`,`canchas_IDCANCHA`),
  KEY `FK_CLUB_CANCHA_canchas_IDCANCHA` (`canchas_IDCANCHA`),
  CONSTRAINT `FK_CLUB_CANCHA_Club_IDCLUB` FOREIGN KEY (`Club_IDCLUB`) REFERENCES `club` (`IDCLUB`),
  CONSTRAINT `FK_CLUB_CANCHA_canchas_IDCANCHA` FOREIGN KEY (`canchas_IDCANCHA`) REFERENCES `cancha` (`IDCANCHA`)
) ENGINE=InnoDB DEFAULT CHARSET=utf8;
/*!40101 SET character_set_client = @saved_cs_client */;

--
-- Dumping data for table `club_cancha`
--

LOCK TABLES `club_cancha` WRITE;
/*!40000 ALTER TABLE `club_cancha` DISABLE KEYS */;
INSERT INTO `club_cancha` VALUES (15,1),(5,2),(13,3),(14,4),(2,5),(1,6),(2,7),(8,8),(3,9),(9,10),(8,11),(8,12),(1,13),(11,14),(13,15),(3,16),(3,17),(10,18),(9,19),(8,20),(8,21),(6,22),(11,23),(8,24),(14,25),(1,26),(10,27),(1,28),(13,29),(3,30);
/*!40000 ALTER TABLE `club_cancha` ENABLE KEYS */;
UNLOCK TABLES;

--
-- Table structure for table `club_equipo`
--

DROP TABLE IF EXISTS `club_equipo`;
/*!40101 SET @saved_cs_client     = @@character_set_client */;
/*!40101 SET character_set_client = utf8 */;
CREATE TABLE `club_equipo` (
  `Club_IDCLUB` bigint(20) NOT NULL,
  `equipos_IDEQUIPO` bigint(20) NOT NULL,
  PRIMARY KEY (`Club_IDCLUB`,`equipos_IDEQUIPO`),
  KEY `FK_CLUB_EQUIPO_equipos_IDEQUIPO` (`equipos_IDEQUIPO`),
  CONSTRAINT `FK_CLUB_EQUIPO_Club_IDCLUB` FOREIGN KEY (`Club_IDCLUB`) REFERENCES `club` (`IDCLUB`),
  CONSTRAINT `FK_CLUB_EQUIPO_equipos_IDEQUIPO` FOREIGN KEY (`equipos_IDEQUIPO`) REFERENCES `equipo` (`IDEQUIPO`)
) ENGINE=InnoDB DEFAULT CHARSET=utf8;
/*!40101 SET character_set_client = @saved_cs_client */;

--
-- Dumping data for table `club_equipo`
--

LOCK TABLES `club_equipo` WRITE;
/*!40000 ALTER TABLE `club_equipo` DISABLE KEYS */;
INSERT INTO `club_equipo` VALUES (1,1),(2,2),(2,3),(2,4),(3,5),(3,6),(3,7),(4,8),(4,9),(5,10),(6,11),(7,12),(8,13),(8,14),(8,15),(8,16),(8,17),(9,18),(10,19),(11,20),(12,21),(13,22),(14,23),(14,24),(15,25);
/*!40000 ALTER TABLE `club_equipo` ENABLE KEYS */;
UNLOCK TABLES;

--
-- Table structure for table `conceptodeportivo`
--

DROP TABLE IF EXISTS `conceptodeportivo`;
/*!40101 SET @saved_cs_client     = @@character_set_client */;
/*!40101 SET character_set_client = utf8 */;
CREATE TABLE `conceptodeportivo` (
  `IDCONCEPTODEPORTIVO` bigint(20) NOT NULL,
  `BORRADOLOGICO` tinyint(1) DEFAULT '0',
  `CONCEPTO` varchar(255) DEFAULT NULL,
  `MONTO` double DEFAULT NULL,
  `UNTIPOCANCHA_IDTIPOCANCHA` bigint(20) DEFAULT NULL,
  `UNTIPOESTADO_IDTIPOESTADO` bigint(20) DEFAULT NULL,
  PRIMARY KEY (`IDCONCEPTODEPORTIVO`),
  KEY `FK_CONCEPTODEPORTIVO_UNTIPOESTADO_IDTIPOESTADO` (`UNTIPOESTADO_IDTIPOESTADO`),
  KEY `FK_CONCEPTODEPORTIVO_UNTIPOCANCHA_IDTIPOCANCHA` (`UNTIPOCANCHA_IDTIPOCANCHA`),
  CONSTRAINT `FK_CONCEPTODEPORTIVO_UNTIPOCANCHA_IDTIPOCANCHA` FOREIGN KEY (`UNTIPOCANCHA_IDTIPOCANCHA`) REFERENCES `tipocancha` (`IDTIPOCANCHA`),
  CONSTRAINT `FK_CONCEPTODEPORTIVO_UNTIPOESTADO_IDTIPOESTADO` FOREIGN KEY (`UNTIPOESTADO_IDTIPOESTADO`) REFERENCES `tipoestado` (`IDTIPOESTADO`)
) ENGINE=InnoDB DEFAULT CHARSET=utf8;
/*!40101 SET character_set_client = @saved_cs_client */;

--
-- Dumping data for table `conceptodeportivo`
--

LOCK TABLES `conceptodeportivo` WRITE;
/*!40000 ALTER TABLE `conceptodeportivo` DISABLE KEYS */;
INSERT INTO `conceptodeportivo` VALUES (63,0,'Cuota Socia',70,NULL,1),(64,0,'Cuota Jugadora',130,NULL,2),(65,0,'Cuota Licencia',70,NULL,3),(66,0,'Cuota Baja por Mora',20,NULL,5),(67,0,'Seguro Técnicos',70,NULL,NULL),(68,0,'Cancha',0,NULL,NULL),(69,0,'Fichaje',120,NULL,NULL),(70,0,'Re-Fichaje',75,NULL,NULL),(71,0,'Inscripción',135,NULL,NULL),(72,0,'Re-Inscripción',200,NULL,NULL),(73,0,'Pase',200,NULL,NULL),(74,0,'Otro',0,NULL,NULL);
/*!40000 ALTER TABLE `conceptodeportivo` ENABLE KEYS */;
UNLOCK TABLES;

--
-- Table structure for table `conceptodeportivo_mes`
--

DROP TABLE IF EXISTS `conceptodeportivo_mes`;
/*!40101 SET @saved_cs_client     = @@character_set_client */;
/*!40101 SET character_set_client = utf8 */;
CREATE TABLE `conceptodeportivo_mes` (
  `ConceptoDeportivo_IDCONCEPTODEPORTIVO` bigint(20) NOT NULL,
  `meses_NOMBRE` varchar(255) NOT NULL,
  PRIMARY KEY (`ConceptoDeportivo_IDCONCEPTODEPORTIVO`,`meses_NOMBRE`),
  KEY `FK_CONCEPTODEPORTIVO_MES_meses_NOMBRE` (`meses_NOMBRE`),
  CONSTRAINT `CNCPTDEPORTIVOMESCncptDeportivoIDCONCEPTODEPORTIVO` FOREIGN KEY (`ConceptoDeportivo_IDCONCEPTODEPORTIVO`) REFERENCES `conceptodeportivo` (`IDCONCEPTODEPORTIVO`),
  CONSTRAINT `FK_CONCEPTODEPORTIVO_MES_meses_NOMBRE` FOREIGN KEY (`meses_NOMBRE`) REFERENCES `mes` (`NOMBRE`)
) ENGINE=InnoDB DEFAULT CHARSET=utf8;
/*!40101 SET character_set_client = @saved_cs_client */;

--
-- Dumping data for table `conceptodeportivo_mes`
--

LOCK TABLES `conceptodeportivo_mes` WRITE;
/*!40000 ALTER TABLE `conceptodeportivo_mes` DISABLE KEYS */;
INSERT INTO `conceptodeportivo_mes` VALUES (65,'Abril'),(66,'Diciembre'),(63,'Enero'),(64,'Enero'),(66,'Enero'),(64,'Febrero'),(63,'Julio'),(65,'Junio'),(63,'Marzo'),(64,'Marzo'),(63,'Mayo'),(65,'Mayo'),(63,'Nobiembre'),(63,'Septiembre');
/*!40000 ALTER TABLE `conceptodeportivo_mes` ENABLE KEYS */;
UNLOCK TABLES;

--
-- Table structure for table `conceptoegreso`
--

DROP TABLE IF EXISTS `conceptoegreso`;
/*!40101 SET @saved_cs_client     = @@character_set_client */;
/*!40101 SET character_set_client = utf8 */;
CREATE TABLE `conceptoegreso` (
  `IDCONCEPTOEGRESO` bigint(20) NOT NULL,
  `BORRADOLOGICO` tinyint(1) DEFAULT '0',
  `DETALLE` varchar(255) DEFAULT NULL,
  `NOMBRE` varchar(255) DEFAULT NULL,
  PRIMARY KEY (`IDCONCEPTOEGRESO`)
) ENGINE=InnoDB DEFAULT CHARSET=utf8;
/*!40101 SET character_set_client = @saved_cs_client */;

--
-- Dumping data for table `conceptoegreso`
--

LOCK TABLES `conceptoegreso` WRITE;
/*!40000 ALTER TABLE `conceptoegreso` DISABLE KEYS */;
INSERT INTO `conceptoegreso` VALUES (75,0,'Corresponde a los pagos DE la asociación A los Clubes que posean canchas y sean utilizadas.','Cancha');
/*!40000 ALTER TABLE `conceptoegreso` ENABLE KEYS */;
UNLOCK TABLES;

--
-- Table structure for table `conceptoingreso`
--

DROP TABLE IF EXISTS `conceptoingreso`;
/*!40101 SET @saved_cs_client     = @@character_set_client */;
/*!40101 SET character_set_client = utf8 */;
CREATE TABLE `conceptoingreso` (
  `IDCONCEPTOINGRESO` bigint(20) NOT NULL,
  `BORRADOLOGICO` tinyint(1) DEFAULT '0',
  `DETALLE` varchar(255) DEFAULT NULL,
  `NOMBRE` varchar(255) DEFAULT NULL,
  PRIMARY KEY (`IDCONCEPTOINGRESO`)
) ENGINE=InnoDB DEFAULT CHARSET=utf8;
/*!40101 SET character_set_client = @saved_cs_client */;

--
-- Dumping data for table `conceptoingreso`
--

LOCK TABLES `conceptoingreso` WRITE;
/*!40000 ALTER TABLE `conceptoingreso` DISABLE KEYS */;
/*!40000 ALTER TABLE `conceptoingreso` ENABLE KEYS */;
UNLOCK TABLES;

--
-- Table structure for table `configuracion`
--

DROP TABLE IF EXISTS `configuracion`;
/*!40101 SET @saved_cs_client     = @@character_set_client */;
/*!40101 SET character_set_client = utf8 */;
CREATE TABLE `configuracion` (
  `ID` bigint(20) NOT NULL,
  `CONCEPTO` varchar(255) DEFAULT NULL,
  `VALOR` varchar(255) DEFAULT NULL,
  PRIMARY KEY (`ID`)
) ENGINE=InnoDB DEFAULT CHARSET=utf8;
/*!40101 SET character_set_client = @saved_cs_client */;

--
-- Dumping data for table `configuracion`
--

LOCK TABLES `configuracion` WRITE;
/*!40000 ALTER TABLE `configuracion` DISABLE KEYS */;
INSERT INTO `configuracion` VALUES (2351,'diaVencimientoEstandar','15');
/*!40000 ALTER TABLE `configuracion` ENABLE KEYS */;
UNLOCK TABLES;

--
-- Table structure for table `cuota`
--

DROP TABLE IF EXISTS `cuota`;
/*!40101 SET @saved_cs_client     = @@character_set_client */;
/*!40101 SET character_set_client = utf8 */;
CREATE TABLE `cuota` (
  `IDCUOTA` bigint(20) NOT NULL,
  `BORRADOLOGICO` tinyint(1) DEFAULT '0',
  `FECHAVENCIMIENTO` date DEFAULT NULL,
  `MONTO` double DEFAULT NULL,
  `NUMERO` varchar(255) DEFAULT NULL,
  `UNPAGOCUOTA_IDPAGOCUOTA` bigint(20) DEFAULT NULL,
  PRIMARY KEY (`IDCUOTA`),
  KEY `FK_CUOTA_UNPAGOCUOTA_IDPAGOCUOTA` (`UNPAGOCUOTA_IDPAGOCUOTA`),
  CONSTRAINT `FK_CUOTA_UNPAGOCUOTA_IDPAGOCUOTA` FOREIGN KEY (`UNPAGOCUOTA_IDPAGOCUOTA`) REFERENCES `pagocuota` (`IDPAGOCUOTA`)
) ENGINE=InnoDB DEFAULT CHARSET=utf8;
/*!40101 SET character_set_client = @saved_cs_client */;

--
-- Dumping data for table `cuota`
--

LOCK TABLES `cuota` WRITE;
/*!40000 ALTER TABLE `cuota` DISABLE KEYS */;
INSERT INTO `cuota` VALUES (451,0,'2010-02-02',0,'1/1',452),(455,0,'2002-03-01',0,'1/1',456),(459,0,'2010-03-17',0,'1/1',460),(463,0,'2004-05-31',0,'1/1',464),(467,0,'2008-09-03',0,'1/1',468),(471,0,'2009-07-30',0,'1/1',472),(475,0,'2005-10-05',0,'1/1',476),(479,0,'2005-08-27',0,'1/1',480),(483,0,'1999-01-27',0,'1/1',484),(487,0,'2006-06-19',0,'1/1',488),(491,0,'1999-04-09',0,'1/1',492),(495,0,'2012-06-14',0,'1/1',496),(499,0,'2004-06-29',0,'1/1',500),(503,0,'2013-03-13',0,'1/1',504),(507,0,'2012-02-07',0,'1/1',508),(511,0,'2014-01-25',0,'1/1',512),(515,0,'2000-12-29',0,'1/1',516),(519,0,'2013-05-16',0,'1/1',520),(523,0,'2006-09-09',0,'1/1',524),(527,0,'2002-02-20',0,'1/1',528),(531,0,'2001-11-21',0,'1/1',532),(535,0,'2007-10-20',0,'1/1',536),(539,0,'2008-05-17',0,'1/1',540),(543,0,'2012-11-01',0,'1/1',544),(547,0,'1999-06-25',0,'1/1',548),(551,0,'2000-10-20',0,'1/1',552),(555,0,'2011-12-07',0,'1/1',556),(559,0,'2003-06-01',0,'1/1',560),(563,0,'2002-02-05',0,'1/1',564),(567,0,'2011-05-26',0,'1/1',568),(571,0,'2014-02-24',0,'1/1',572),(575,0,'2004-10-13',0,'1/1',576),(579,0,'2005-07-09',0,'1/1',580),(583,0,'2014-06-21',0,'1/1',584),(587,0,'2008-11-29',0,'1/1',588),(591,0,'2010-01-13',0,'1/1',592),(595,0,'2013-03-25',0,'1/1',596),(599,0,'2001-11-25',0,'1/1',600),(603,0,'1999-07-09',0,'1/1',604),(607,0,'2013-04-10',0,'1/1',608),(611,0,'2013-01-04',0,'1/1',612),(615,0,'2006-11-08',0,'1/1',616),(619,0,'2001-10-12',0,'1/1',620),(623,0,'2012-08-27',0,'1/1',624),(627,0,'2002-09-20',0,'1/1',628),(631,0,'2007-01-26',0,'1/1',632),(635,0,'2014-04-07',0,'1/1',636),(639,0,'2008-02-12',0,'1/1',640),(643,0,'2010-05-29',0,'1/1',644),(647,0,'1999-04-23',0,'1/1',648),(651,0,'2009-05-27',0,'1/1',652),(655,0,'2011-02-13',0,'1/1',656),(659,0,'2008-12-01',0,'1/1',660),(663,0,'2002-09-20',0,'1/1',664),(667,0,'2000-08-29',0,'1/1',668),(671,0,'2008-03-20',0,'1/1',672),(675,0,'2011-10-10',0,'1/1',676),(679,0,'2010-12-17',0,'1/1',680),(683,0,'2010-04-18',0,'1/1',684),(687,0,'1999-03-25',0,'1/1',688),(691,0,'2014-02-03',0,'1/1',692),(695,0,'2005-03-26',0,'1/1',696),(699,0,'2007-08-18',0,'1/1',700),(703,0,'2004-09-25',0,'1/1',704),(707,0,'2010-05-17',0,'1/1',708),(711,0,'2003-02-10',0,'1/1',712),(715,0,'2000-04-11',0,'1/1',716),(719,0,'2010-06-06',0,'1/1',720),(723,0,'2008-09-18',0,'1/1',724),(727,0,'2005-03-13',0,'1/1',728),(731,0,'2008-07-07',0,'1/1',732),(735,0,'2003-09-07',0,'1/1',736),(739,0,'2000-12-13',0,'1/1',740),(743,0,'2005-07-22',0,'1/1',744),(747,0,'2001-03-02',0,'1/1',748),(751,0,'2004-12-23',0,'1/1',752),(755,0,'2012-05-30',0,'1/1',756),(759,0,'2010-04-01',0,'1/1',760),(763,0,'2010-02-05',0,'1/1',764),(767,0,'2001-10-12',0,'1/1',768),(771,0,'2012-04-11',0,'1/1',772),(775,0,'2010-09-16',0,'1/1',776),(779,0,'2004-07-20',0,'1/1',780),(783,0,'2006-09-22',0,'1/1',784),(787,0,'2006-12-03',0,'1/1',788),(791,0,'2003-05-02',0,'1/1',792),(795,0,'2001-04-16',0,'1/1',796),(799,0,'2004-03-04',0,'1/1',800),(803,0,'2000-12-08',0,'1/1',804),(807,0,'1999-03-14',0,'1/1',808),(811,0,'2013-02-17',0,'1/1',812),(815,0,'2000-03-28',0,'1/1',816),(819,0,'2000-04-23',0,'1/1',820),(823,0,'2003-07-26',0,'1/1',824),(827,0,'2007-05-12',0,'1/1',828),(831,0,'2000-09-10',0,'1/1',832),(835,0,'2011-01-30',0,'1/1',836),(839,0,'2012-07-03',0,'1/1',840),(843,0,'1999-09-12',0,'1/1',844),(847,0,'2001-05-05',0,'1/1',848),(851,0,'2010-12-08',0,'1/1',852),(855,0,'2003-12-17',0,'1/1',856),(859,0,'2003-04-12',0,'1/1',860),(863,0,'2002-01-02',0,'1/1',864),(867,0,'2008-12-12',0,'1/1',868),(871,0,'2010-07-14',0,'1/1',872),(875,0,'2003-06-10',0,'1/1',876),(879,0,'2011-07-31',0,'1/1',880),(883,0,'2013-05-10',0,'1/1',884),(887,0,'2000-08-18',0,'1/1',888),(891,0,'2010-12-19',0,'1/1',892),(895,0,'2009-12-01',0,'1/1',896),(899,0,'2001-03-26',0,'1/1',900),(903,0,'2004-06-02',0,'1/1',904),(907,0,'2002-12-13',0,'1/1',908),(911,0,'2002-11-23',0,'1/1',912),(915,0,'2010-11-30',0,'1/1',916),(919,0,'2006-08-09',0,'1/1',920),(923,0,'2009-07-17',0,'1/1',924),(927,0,'2010-04-13',0,'1/1',928),(931,0,'2010-09-18',0,'1/1',932),(935,0,'2010-02-12',0,'1/1',936),(939,0,'2006-09-27',0,'1/1',940),(943,0,'2002-10-31',0,'1/1',944),(947,0,'2013-04-30',0,'1/1',948),(951,0,'2002-08-27',0,'1/1',952),(955,0,'2009-07-26',0,'1/1',956),(959,0,'2006-01-28',0,'1/1',960),(963,0,'2010-04-19',0,'1/1',964),(967,0,'2010-10-30',0,'1/1',968),(971,0,'2003-06-27',0,'1/1',972),(975,0,'2009-11-21',0,'1/1',976),(979,0,'2009-11-12',0,'1/1',980),(983,0,'2002-10-24',0,'1/1',984),(987,0,'2002-12-14',0,'1/1',988),(991,0,'2006-04-13',0,'1/1',992),(995,0,'2012-12-20',0,'1/1',996),(999,0,'2005-08-21',0,'1/1',1000),(1003,0,'2005-08-12',0,'1/1',1004),(1007,0,'2009-11-07',0,'1/1',1008),(1011,0,'2002-04-14',0,'1/1',1012),(1015,0,'1999-01-26',0,'1/1',1016),(1019,0,'2005-11-23',0,'1/1',1020),(1023,0,'2001-05-17',0,'1/1',1024),(1027,0,'2006-12-03',0,'1/1',1028),(1031,0,'2007-09-25',0,'1/1',1032),(1035,0,'1999-06-18',0,'1/1',1036),(1039,0,'2013-08-23',0,'1/1',1040),(1043,0,'1999-10-14',0,'1/1',1044),(1047,0,'1999-07-19',0,'1/1',1048),(1051,0,'2012-05-19',0,'1/1',1052),(1055,0,'2000-04-26',0,'1/1',1056),(1059,0,'2008-05-06',0,'1/1',1060),(1063,0,'2006-12-21',0,'1/1',1064),(1067,0,'1999-07-28',0,'1/1',1068),(1071,0,'2014-02-15',0,'1/1',1072),(1075,0,'2003-10-31',0,'1/1',1076),(1079,0,'2006-07-08',0,'1/1',1080),(1083,0,'2005-01-05',0,'1/1',1084),(1087,0,'2011-01-22',0,'1/1',1088),(1091,0,'2009-03-09',0,'1/1',1092),(1095,0,'2001-09-25',0,'1/1',1096),(1099,0,'2009-02-12',0,'1/1',1100),(1103,0,'2004-07-20',0,'1/1',1104),(1107,0,'2002-05-21',0,'1/1',1108),(1111,0,'2007-07-18',0,'1/1',1112),(1115,0,'2013-03-13',0,'1/1',1116),(1119,0,'2006-12-23',0,'1/1',1120),(1123,0,'1999-03-03',0,'1/1',1124),(1127,0,'1999-05-14',0,'1/1',1128),(1131,0,'2006-12-06',0,'1/1',1132),(1135,0,'2011-06-12',0,'1/1',1136),(1139,0,'2004-02-04',0,'1/1',1140),(1143,0,'2012-06-15',0,'1/1',1144),(1147,0,'2005-08-27',0,'1/1',1148),(1151,0,'2003-05-02',0,'1/1',1152),(1155,0,'2007-02-13',0,'1/1',1156),(1159,0,'2004-09-13',0,'1/1',1160),(1163,0,'2003-04-26',0,'1/1',1164),(1167,0,'2007-12-18',0,'1/1',1168),(1171,0,'2012-01-15',0,'1/1',1172),(1175,0,'2004-12-05',0,'1/1',1176),(1179,0,'2007-05-28',0,'1/1',1180),(1183,0,'2003-10-13',0,'1/1',1184),(1187,0,'2012-09-05',0,'1/1',1188),(1191,0,'2001-02-21',0,'1/1',1192),(1195,0,'2002-09-11',0,'1/1',1196),(1199,0,'2004-08-12',0,'1/1',1200),(1203,0,'2001-08-27',0,'1/1',1204),(1207,0,'2011-06-09',0,'1/1',1208),(1211,0,'2004-03-23',0,'1/1',1212),(1215,0,'2001-04-08',0,'1/1',1216),(1219,0,'2013-01-17',0,'1/1',1220),(1223,0,'2004-10-10',0,'1/1',1224),(1227,0,'2010-09-06',0,'1/1',1228),(1231,0,'2013-12-07',0,'1/1',1232),(1235,0,'2001-01-17',0,'1/1',1236),(1239,0,'2007-03-01',0,'1/1',1240),(1243,0,'2003-03-11',0,'1/1',1244),(1247,0,'2013-04-02',0,'1/1',1248),(1251,0,'2005-10-20',0,'1/1',1252),(1255,0,'2009-12-22',0,'1/1',1256),(1259,0,'2001-07-20',0,'1/1',1260),(1263,0,'2002-05-03',0,'1/1',1264),(1267,0,'1999-09-02',0,'1/1',1268),(1271,0,'2009-07-22',0,'1/1',1272),(1275,0,'2012-06-19',0,'1/1',1276),(1279,0,'2004-05-07',0,'1/1',1280),(1283,0,'1999-11-07',0,'1/1',1284),(1287,0,'2007-09-26',0,'1/1',1288),(1291,0,'2014-05-14',0,'1/1',1292),(1295,0,'2006-02-04',0,'1/1',1296),(1299,0,'2006-06-17',0,'1/1',1300),(1303,0,'2014-07-26',0,'1/1',1304),(1307,0,'2009-01-13',0,'1/1',1308),(1311,0,'2006-07-22',0,'1/1',1312),(1315,0,'2000-05-07',0,'1/1',1316),(1319,0,'2012-05-06',0,'1/1',1320),(1323,0,'2000-04-03',0,'1/1',1324),(1327,0,'2005-04-06',0,'1/1',1328),(1331,0,'2010-01-22',0,'1/1',1332),(1335,0,'1999-12-28',0,'1/1',1336),(1339,0,'2006-10-12',0,'1/1',1340),(1343,0,'2009-08-08',0,'1/1',1344),(1347,0,'2012-01-14',0,'1/1',1348),(1351,0,'2010-01-11',0,'1/1',1352),(1355,0,'2014-01-11',0,'1/1',1356),(1359,0,'2006-04-03',0,'1/1',1360),(1363,0,'2003-10-20',0,'1/1',1364),(1367,0,'2008-03-12',0,'1/1',1368),(1371,0,'2012-04-23',0,'1/1',1372),(1375,0,'2011-10-09',0,'1/1',1376),(1379,0,'1999-06-20',0,'1/1',1380),(1383,0,'2000-04-24',0,'1/1',1384),(1387,0,'2014-05-15',0,'1/1',1388),(1391,0,'2011-12-12',0,'1/1',1392),(1395,0,'1999-05-22',0,'1/1',1396),(1399,0,'2005-03-22',0,'1/1',1400),(1403,0,'2006-07-19',0,'1/1',1404),(1407,0,'2003-03-15',0,'1/1',1408),(1411,0,'2010-04-17',0,'1/1',1412),(1415,0,'2000-12-20',0,'1/1',1416),(1419,0,'2014-03-23',0,'1/1',1420),(1423,0,'2004-09-03',0,'1/1',1424),(1427,0,'2000-06-11',0,'1/1',1428),(1431,0,'2004-02-15',0,'1/1',1432),(1435,0,'2002-05-24',0,'1/1',1436),(1439,0,'2008-02-22',0,'1/1',1440),(1443,0,'2001-06-14',0,'1/1',1444),(1447,0,'2011-11-12',0,'1/1',1448),(1451,0,'2005-06-03',0,'1/1',1452),(1455,0,'2004-10-12',0,'1/1',1456),(1459,0,'2010-07-01',0,'1/1',1460),(1463,0,'2003-06-26',0,'1/1',1464),(1467,0,'2010-04-04',0,'1/1',1468),(1471,0,'2009-02-04',0,'1/1',1472),(1475,0,'2001-03-29',0,'1/1',1476),(1479,0,'2007-02-21',0,'1/1',1480),(1483,0,'2001-07-28',0,'1/1',1484),(1487,0,'2007-11-21',0,'1/1',1488),(1491,0,'2002-10-30',0,'1/1',1492),(1495,0,'2005-12-08',0,'1/1',1496),(1499,0,'2014-03-05',0,'1/1',1500),(1503,0,'2010-11-08',0,'1/1',1504),(1507,0,'2007-03-10',0,'1/1',1508),(1511,0,'2013-04-20',0,'1/1',1512),(1515,0,'2001-07-17',0,'1/1',1516),(1519,0,'2001-10-27',0,'1/1',1520),(1523,0,'2008-07-30',0,'1/1',1524),(1527,0,'2005-02-28',0,'1/1',1528),(1531,0,'2006-05-27',0,'1/1',1532),(1535,0,'2009-06-18',0,'1/1',1536),(1539,0,'2009-09-12',0,'1/1',1540),(1543,0,'2000-03-31',0,'1/1',1544),(1547,0,'2002-01-15',0,'1/1',1548),(1551,0,'2004-05-18',0,'1/1',1552),(1555,0,'2003-11-01',0,'1/1',1556),(1559,0,'2011-05-20',0,'1/1',1560),(1563,0,'2008-07-07',0,'1/1',1564),(1567,0,'2009-05-24',0,'1/1',1568),(1571,0,'1999-10-30',0,'1/1',1572),(1575,0,'2001-05-29',0,'1/1',1576),(1579,0,'2012-10-14',0,'1/1',1580),(1583,0,'2000-12-06',0,'1/1',1584),(1587,0,'2000-02-16',0,'1/1',1588),(1591,0,'2009-03-13',0,'1/1',1592),(1595,0,'2014-05-04',0,'1/1',1596),(1599,0,'2010-04-12',0,'1/1',1600),(1603,0,'2005-04-24',0,'1/1',1604),(1607,0,'2005-04-18',0,'1/1',1608),(1611,0,'2000-12-01',0,'1/1',1612),(1615,0,'2001-01-01',0,'1/1',1616),(1619,0,'2005-09-24',0,'1/1',1620),(1623,0,'2013-09-13',0,'1/1',1624),(1627,0,'2003-04-15',0,'1/1',1628),(1631,0,'2013-07-30',0,'1/1',1632),(1635,0,'1999-05-30',0,'1/1',1636),(1639,0,'2005-08-20',0,'1/1',1640),(1643,0,'2010-11-20',0,'1/1',1644),(1647,0,'2004-02-11',0,'1/1',1648),(1651,0,'2010-06-10',0,'1/1',1652),(1655,0,'2013-12-10',0,'1/1',1656),(1659,0,'2002-08-10',0,'1/1',1660),(1663,0,'2014-03-24',0,'1/1',1664),(1667,0,'1999-01-27',0,'1/1',1668),(1671,0,'1999-04-09',0,'1/1',1672),(1675,0,'2000-07-22',0,'1/1',1676),(1679,0,'2010-04-30',0,'1/1',1680),(1683,0,'2002-04-23',0,'1/1',1684),(1687,0,'2004-12-14',0,'1/1',1688),(1691,0,'2008-06-14',0,'1/1',1692),(1695,0,'2010-08-08',0,'1/1',1696),(1699,0,'2003-11-13',0,'1/1',1700),(1703,0,'2010-02-16',0,'1/1',1704),(1707,0,'1999-03-20',0,'1/1',1708),(1711,0,'2006-04-21',0,'1/1',1712),(1715,0,'2006-06-14',0,'1/1',1716),(1719,0,'2009-05-26',0,'1/1',1720),(1723,0,'2006-02-18',0,'1/1',1724),(1727,0,'2004-08-02',0,'1/1',1728),(1731,0,'2010-02-21',0,'1/1',1732),(1735,0,'2008-07-24',0,'1/1',1736),(1739,0,'2002-07-10',0,'1/1',1740),(1743,0,'2010-09-07',0,'1/1',1744),(1747,0,'2001-04-13',0,'1/1',1748),(1751,0,'2011-11-22',0,'1/1',1752),(1755,0,'2014-04-04',0,'1/1',1756),(1759,0,'2012-02-26',0,'1/1',1760),(1763,0,'2011-05-27',0,'1/1',1764),(1767,0,'2011-07-19',0,'1/1',1768),(1771,0,'2000-10-05',0,'1/1',1772),(1775,0,'2000-08-16',0,'1/1',1776),(1779,0,'2013-06-26',0,'1/1',1780),(1783,0,'2004-01-22',0,'1/1',1784),(1787,0,'2003-06-13',0,'1/1',1788),(1791,0,'1999-08-26',0,'1/1',1792),(1795,0,'2007-06-15',0,'1/1',1796),(1799,0,'2004-09-03',0,'1/1',1800),(1803,0,'2010-08-07',0,'1/1',1804),(1807,0,'2007-05-26',0,'1/1',1808),(1811,0,'2011-07-15',0,'1/1',1812),(1815,0,'2008-02-11',0,'1/1',1816),(1819,0,'2010-05-26',0,'1/1',1820),(1823,0,'2010-05-04',0,'1/1',1824),(1827,0,'2003-09-27',0,'1/1',1828),(1831,0,'1999-11-10',0,'1/1',1832),(1835,0,'2006-09-22',0,'1/1',1836),(1839,0,'2007-02-02',0,'1/1',1840),(1843,0,'2008-12-14',0,'1/1',1844),(1847,0,'2012-10-25',0,'1/1',1848),(1851,0,'2000-05-16',0,'1/1',1852),(1855,0,'2008-10-11',0,'1/1',1856),(1859,0,'2002-05-01',0,'1/1',1860),(1863,0,'2010-12-22',0,'1/1',1864),(1867,0,'2012-10-05',0,'1/1',1868),(1871,0,'2001-03-05',0,'1/1',1872),(1875,0,'2010-10-24',0,'1/1',1876),(1879,0,'2003-10-12',0,'1/1',1880),(1883,0,'2009-08-01',0,'1/1',1884),(1887,0,'1999-08-24',0,'1/1',1888),(1891,0,'2011-07-18',0,'1/1',1892),(1895,0,'2009-03-31',0,'1/1',1896),(1899,0,'2006-02-11',0,'1/1',1900),(1903,0,'2004-03-25',0,'1/1',1904),(1907,0,'2008-01-16',0,'1/1',1908),(1911,0,'2002-09-21',0,'1/1',1912),(1915,0,'2003-03-16',0,'1/1',1916),(1919,0,'2002-08-08',0,'1/1',1920),(1923,0,'2012-11-09',0,'1/1',1924),(1927,0,'2012-03-30',0,'1/1',1928),(1931,0,'2007-07-19',0,'1/1',1932),(1935,0,'1999-04-07',0,'1/1',1936),(1939,0,'2007-12-03',0,'1/1',1940),(1943,0,'2014-05-14',0,'1/1',1944),(1947,0,'2006-02-13',0,'1/1',1948),(2401,0,'2015-05-15',70,'1/1',NULL),(2451,0,'2015-05-15',130,'1/1',3251),(2453,0,'2015-05-15',130,'1/1',NULL),(2455,0,'2015-05-15',130,'1/1',NULL),(2457,0,'2015-05-15',130,'1/1',NULL),(2459,0,'2015-05-15',130,'1/1',NULL),(2461,0,'2015-05-15',130,'1/1',NULL),(2463,0,'2015-05-15',130,'1/1',NULL),(2465,0,'2015-05-15',130,'1/1',NULL),(2467,0,'2015-05-15',130,'1/1',NULL),(2469,0,'2015-05-15',130,'1/1',NULL),(2471,0,'2015-05-15',130,'1/1',NULL),(2473,0,'2015-05-15',130,'1/1',NULL),(2475,0,'2015-05-15',130,'1/1',NULL),(2477,0,'2015-05-15',130,'1/1',NULL),(2479,0,'2015-05-15',130,'1/1',NULL),(2481,0,'2015-05-15',130,'1/1',NULL),(2483,0,'2015-05-15',130,'1/1',NULL),(2485,0,'2015-05-15',130,'1/1',NULL),(2487,0,'2015-05-15',130,'1/1',NULL),(2489,0,'2015-05-15',130,'1/1',NULL),(2491,0,'2015-05-15',130,'1/1',NULL),(2493,0,'2015-05-15',130,'1/1',NULL),(2495,0,'2015-05-15',130,'1/1',NULL),(2497,0,'2015-05-15',130,'1/1',NULL),(2499,0,'2015-05-15',130,'1/1',NULL),(2501,0,'2015-05-15',130,'1/1',NULL),(2503,0,'2015-05-15',130,'1/1',NULL),(2505,0,'2015-05-15',130,'1/1',NULL),(2507,0,'2015-05-15',130,'1/1',NULL),(2509,0,'2015-05-15',130,'1/1',NULL),(2511,0,'2015-05-15',130,'1/1',NULL),(2513,0,'2015-05-15',130,'1/1',NULL),(2515,0,'2015-05-15',130,'1/1',NULL),(2517,0,'2015-05-15',130,'1/1',NULL),(2519,0,'2015-05-15',130,'1/1',NULL),(2521,0,'2015-05-15',130,'1/1',NULL),(2523,0,'2015-05-15',130,'1/1',NULL),(2525,0,'2015-05-15',130,'1/1',NULL),(2527,0,'2015-05-15',130,'1/1',NULL),(2529,0,'2015-05-15',130,'1/1',NULL),(2531,0,'2015-05-15',130,'1/1',NULL),(2533,0,'2015-05-15',130,'1/1',NULL),(2535,0,'2015-05-15',130,'1/1',NULL),(2537,0,'2015-05-15',130,'1/1',NULL),(2539,0,'2015-05-15',130,'1/1',NULL),(2541,0,'2015-05-15',130,'1/1',NULL),(2543,0,'2015-05-15',130,'1/1',NULL),(2545,0,'2015-05-15',130,'1/1',NULL),(2547,0,'2015-05-15',130,'1/1',NULL),(2549,0,'2015-05-15',130,'1/1',NULL),(2551,0,'2015-05-15',130,'1/1',NULL),(2553,0,'2015-05-15',130,'1/1',NULL),(2555,0,'2015-05-15',130,'1/1',NULL),(2557,0,'2015-05-15',130,'1/1',NULL),(2559,0,'2015-05-15',130,'1/1',NULL),(2561,0,'2015-05-15',130,'1/1',NULL),(2563,0,'2015-05-15',130,'1/1',NULL),(2565,0,'2015-05-15',130,'1/1',NULL),(2567,0,'2015-05-15',130,'1/1',NULL),(2569,0,'2015-05-15',130,'1/1',NULL),(2571,0,'2015-05-15',130,'1/1',NULL),(2573,0,'2015-05-15',130,'1/1',NULL),(2575,0,'2015-05-15',130,'1/1',NULL),(2577,0,'2015-05-15',130,'1/1',NULL),(2579,0,'2015-05-15',130,'1/1',NULL),(2581,0,'2015-05-15',130,'1/1',NULL),(2583,0,'2015-05-15',130,'1/1',NULL),(2585,0,'2015-05-15',130,'1/1',NULL),(2587,0,'2015-05-15',130,'1/1',NULL),(2589,0,'2015-05-15',130,'1/1',NULL),(2591,0,'2015-05-15',130,'1/1',NULL),(2593,0,'2015-05-15',130,'1/1',NULL),(2595,0,'2015-05-15',130,'1/1',NULL),(2597,0,'2015-05-15',130,'1/1',NULL),(2599,0,'2015-05-15',130,'1/1',NULL),(2601,0,'2015-05-15',130,'1/1',NULL),(2603,0,'2015-05-15',130,'1/1',NULL),(2605,0,'2015-05-15',130,'1/1',NULL),(2607,0,'2015-05-15',130,'1/1',NULL),(2609,0,'2015-05-15',130,'1/1',NULL),(2611,0,'2015-05-15',130,'1/1',NULL),(2613,0,'2015-05-15',130,'1/1',NULL),(2615,0,'2015-05-15',130,'1/1',NULL),(2617,0,'2015-05-15',130,'1/1',NULL),(2619,0,'2015-05-15',130,'1/1',NULL),(2621,0,'2015-05-15',130,'1/1',NULL),(2623,0,'2015-05-15',130,'1/1',NULL),(2625,0,'2015-05-15',130,'1/1',NULL),(2627,0,'2015-05-15',130,'1/1',NULL),(2629,0,'2015-05-15',130,'1/1',NULL),(2631,0,'2015-05-15',130,'1/1',NULL),(2633,0,'2015-05-15',130,'1/1',NULL),(2635,0,'2015-05-15',130,'1/1',NULL),(2637,0,'2015-05-15',130,'1/1',NULL),(2639,0,'2015-05-15',130,'1/1',NULL),(2641,0,'2015-05-15',130,'1/1',NULL),(2643,0,'2015-05-15',130,'1/1',NULL),(2645,0,'2015-05-15',130,'1/1',NULL),(2647,0,'2015-05-15',130,'1/1',NULL),(2649,0,'2015-05-15',130,'1/1',NULL),(2651,0,'2015-05-15',130,'1/1',NULL),(2653,0,'2015-05-15',130,'1/1',NULL),(2655,0,'2015-05-15',130,'1/1',NULL),(2657,0,'2015-05-15',130,'1/1',NULL),(2659,0,'2015-05-15',130,'1/1',NULL),(2661,0,'2015-05-15',130,'1/1',NULL),(2663,0,'2015-05-15',130,'1/1',NULL),(2665,0,'2015-05-15',130,'1/1',NULL),(2667,0,'2015-05-15',130,'1/1',NULL),(2669,0,'2015-05-15',130,'1/1',NULL),(2671,0,'2015-05-15',130,'1/1',NULL),(2673,0,'2015-05-15',130,'1/1',NULL),(2675,0,'2015-05-15',130,'1/1',NULL),(2677,0,'2015-05-15',130,'1/1',NULL),(2679,0,'2015-05-15',130,'1/1',NULL),(2681,0,'2015-05-15',130,'1/1',NULL),(2683,0,'2015-05-15',130,'1/1',NULL),(2685,0,'2015-05-15',130,'1/1',NULL),(2687,0,'2015-05-15',130,'1/1',NULL),(2689,0,'2015-05-15',130,'1/1',NULL),(2691,0,'2015-05-15',130,'1/1',NULL),(2693,0,'2015-05-15',130,'1/1',NULL),(2695,0,'2015-05-15',130,'1/1',NULL),(2697,0,'2015-05-15',130,'1/1',NULL),(2699,0,'2015-05-15',130,'1/1',NULL),(2701,0,'2015-05-15',130,'1/1',NULL),(2703,0,'2015-05-15',130,'1/1',NULL),(2705,0,'2015-05-15',130,'1/1',NULL),(2707,0,'2015-05-15',130,'1/1',NULL),(2709,0,'2015-05-15',130,'1/1',NULL),(2711,0,'2015-05-15',130,'1/1',NULL),(2713,0,'2015-05-15',130,'1/1',NULL),(2715,0,'2015-05-15',130,'1/1',NULL),(2717,0,'2015-05-15',130,'1/1',NULL),(2719,0,'2015-05-15',130,'1/1',NULL),(2721,0,'2015-05-15',130,'1/1',NULL),(2723,0,'2015-05-15',130,'1/1',NULL),(2725,0,'2015-05-15',130,'1/1',NULL),(2727,0,'2015-05-15',130,'1/1',NULL),(2729,0,'2015-05-15',130,'1/1',NULL),(2731,0,'2015-05-15',130,'1/1',NULL),(2733,0,'2015-05-15',130,'1/1',NULL),(2735,0,'2015-05-15',130,'1/1',NULL),(2737,0,'2015-05-15',130,'1/1',NULL),(2739,0,'2015-05-15',130,'1/1',NULL),(2741,0,'2015-05-15',130,'1/1',NULL),(2743,0,'2015-05-15',130,'1/1',NULL),(2745,0,'2015-05-15',130,'1/1',NULL),(2747,0,'2015-05-15',130,'1/1',NULL),(2749,0,'2015-05-15',130,'1/1',NULL),(2751,0,'2015-05-15',130,'1/1',NULL),(2753,0,'2015-05-15',130,'1/1',NULL),(2755,0,'2015-05-15',130,'1/1',NULL),(2757,0,'2015-05-15',130,'1/1',NULL),(2759,0,'2015-05-15',130,'1/1',NULL),(2761,0,'2015-05-15',130,'1/1',NULL),(2763,0,'2015-05-15',130,'1/1',NULL),(2765,0,'2015-05-15',130,'1/1',NULL),(2767,0,'2015-05-15',130,'1/1',NULL),(2769,0,'2015-05-15',130,'1/1',NULL),(2771,0,'2015-05-15',130,'1/1',NULL),(2773,0,'2015-05-15',130,'1/1',NULL),(2775,0,'2015-05-15',130,'1/1',NULL),(2777,0,'2015-05-15',130,'1/1',NULL),(2779,0,'2015-05-15',130,'1/1',NULL),(2781,0,'2015-05-15',130,'1/1',NULL),(2783,0,'2015-05-15',130,'1/1',NULL),(2785,0,'2015-05-15',130,'1/1',NULL),(2787,0,'2015-05-15',130,'1/1',NULL),(2789,0,'2015-05-15',130,'1/1',NULL),(2791,0,'2015-05-15',130,'1/1',NULL),(2793,0,'2015-05-15',130,'1/1',NULL),(2795,0,'2015-05-15',130,'1/1',NULL),(2797,0,'2015-05-15',130,'1/1',NULL),(2799,0,'2015-05-15',130,'1/1',NULL),(2801,0,'2015-05-15',130,'1/1',NULL),(2803,0,'2015-05-15',130,'1/1',NULL),(2805,0,'2015-05-15',130,'1/1',NULL),(2807,0,'2015-05-15',130,'1/1',NULL),(2809,0,'2015-05-15',130,'1/1',NULL),(2811,0,'2015-05-15',130,'1/1',NULL),(2813,0,'2015-05-15',130,'1/1',NULL),(2815,0,'2015-05-15',130,'1/1',NULL),(2817,0,'2015-05-15',130,'1/1',NULL),(2819,0,'2015-05-15',130,'1/1',NULL),(2821,0,'2015-05-15',130,'1/1',NULL),(2823,0,'2015-05-15',130,'1/1',NULL),(2825,0,'2015-05-15',130,'1/1',NULL),(2827,0,'2015-05-15',130,'1/1',NULL),(2829,0,'2015-05-15',130,'1/1',NULL),(2831,0,'2015-05-15',130,'1/1',NULL),(2833,0,'2015-05-15',130,'1/1',NULL),(2835,0,'2015-05-15',130,'1/1',NULL),(2837,0,'2015-05-15',130,'1/1',NULL),(2839,0,'2015-05-15',130,'1/1',NULL),(2841,0,'2015-05-15',130,'1/1',NULL),(2843,0,'2015-05-15',130,'1/1',NULL),(2845,0,'2015-05-15',130,'1/1',NULL),(2847,0,'2015-05-15',130,'1/1',NULL),(2849,0,'2015-05-15',130,'1/1',NULL),(2851,0,'2015-05-15',130,'1/1',NULL),(2853,0,'2015-05-15',130,'1/1',NULL),(2855,0,'2015-05-15',130,'1/1',NULL),(2857,0,'2015-05-15',130,'1/1',NULL),(2859,0,'2015-05-15',130,'1/1',NULL),(2861,0,'2015-05-15',130,'1/1',NULL),(2863,0,'2015-05-15',130,'1/1',NULL),(2865,0,'2015-05-15',130,'1/1',NULL),(2867,0,'2015-05-15',130,'1/1',NULL),(2869,0,'2015-05-15',130,'1/1',NULL),(2871,0,'2015-05-15',130,'1/1',NULL),(2873,0,'2015-05-15',130,'1/1',NULL),(2875,0,'2015-05-15',130,'1/1',NULL),(2877,0,'2015-05-15',130,'1/1',NULL),(2879,0,'2015-05-15',130,'1/1',NULL),(2881,0,'2015-05-15',130,'1/1',NULL),(2883,0,'2015-05-15',130,'1/1',NULL),(2885,0,'2015-05-15',130,'1/1',NULL),(2887,0,'2015-05-15',130,'1/1',NULL),(2889,0,'2015-05-15',130,'1/1',NULL),(2891,0,'2015-05-15',130,'1/1',NULL),(2893,0,'2015-05-15',130,'1/1',NULL),(2895,0,'2015-05-15',130,'1/1',NULL),(2897,0,'2015-05-15',130,'1/1',NULL),(2899,0,'2015-05-15',130,'1/1',NULL),(2901,0,'2015-05-15',130,'1/1',NULL),(2903,0,'2015-05-15',130,'1/1',NULL),(2905,0,'2015-05-15',130,'1/1',NULL),(2907,0,'2015-05-15',130,'1/1',NULL),(2909,0,'2015-05-15',130,'1/1',NULL),(2911,0,'2015-05-15',130,'1/1',NULL),(2913,0,'2015-05-15',130,'1/1',NULL),(2915,0,'2015-05-15',130,'1/1',NULL),(2917,0,'2015-05-15',130,'1/1',NULL),(2919,0,'2015-05-15',130,'1/1',NULL),(2921,0,'2015-05-15',130,'1/1',NULL),(2923,0,'2015-05-15',130,'1/1',NULL),(2925,0,'2015-05-15',130,'1/1',NULL),(2927,0,'2015-05-15',130,'1/1',NULL),(2929,0,'2015-05-15',130,'1/1',NULL),(2931,0,'2015-05-15',130,'1/1',NULL),(2933,0,'2015-05-15',130,'1/1',NULL),(2935,0,'2015-05-15',130,'1/1',NULL),(2937,0,'2015-05-15',130,'1/1',NULL),(2939,0,'2015-05-15',130,'1/1',NULL),(2941,0,'2015-05-15',130,'1/1',NULL),(2943,0,'2015-05-15',130,'1/1',NULL),(2945,0,'2015-05-15',130,'1/1',NULL),(2947,0,'2015-05-15',130,'1/1',NULL),(2949,0,'2015-05-15',130,'1/1',NULL),(2951,0,'2015-05-15',130,'1/1',NULL),(2953,0,'2015-05-15',130,'1/1',NULL),(2955,0,'2015-05-15',130,'1/1',NULL),(2957,0,'2015-05-15',130,'1/1',NULL),(2959,0,'2015-05-15',130,'1/1',NULL),(2961,0,'2015-05-15',130,'1/1',NULL),(2963,0,'2015-05-15',130,'1/1',NULL),(2965,0,'2015-05-15',130,'1/1',NULL),(2967,0,'2015-05-15',130,'1/1',NULL),(2969,0,'2015-05-15',130,'1/1',NULL),(2971,0,'2015-05-15',130,'1/1',NULL),(2973,0,'2015-05-15',130,'1/1',NULL),(2975,0,'2015-05-15',130,'1/1',NULL),(2977,0,'2015-05-15',130,'1/1',NULL),(2979,0,'2015-05-15',130,'1/1',NULL),(2981,0,'2015-05-15',130,'1/1',NULL),(2983,0,'2015-05-15',130,'1/1',NULL),(2985,0,'2015-05-15',130,'1/1',NULL),(2987,0,'2015-05-15',130,'1/1',NULL),(2989,0,'2015-05-15',130,'1/1',NULL),(2991,0,'2015-05-15',130,'1/1',NULL),(2993,0,'2015-05-15',130,'1/1',NULL),(2995,0,'2015-05-15',130,'1/1',NULL),(2997,0,'2015-05-15',130,'1/1',NULL),(2999,0,'2015-05-15',130,'1/1',NULL),(3001,0,'2015-05-15',130,'1/1',NULL),(3003,0,'2015-05-15',130,'1/1',NULL),(3005,0,'2015-05-15',130,'1/1',NULL),(3007,0,'2015-05-15',130,'1/1',NULL),(3009,0,'2015-05-15',130,'1/1',NULL),(3011,0,'2015-05-15',130,'1/1',NULL),(3013,0,'2015-05-15',130,'1/1',NULL),(3015,0,'2015-05-15',130,'1/1',NULL),(3017,0,'2015-05-15',130,'1/1',NULL),(3019,0,'2015-05-15',130,'1/1',NULL),(3021,0,'2015-05-15',130,'1/1',NULL),(3023,0,'2015-05-15',130,'1/1',NULL),(3025,0,'2015-05-15',130,'1/1',NULL),(3027,0,'2015-05-15',130,'1/1',NULL),(3029,0,'2015-05-15',130,'1/1',NULL),(3031,0,'2015-05-15',130,'1/1',NULL),(3033,0,'2015-05-15',130,'1/1',NULL),(3035,0,'2015-05-15',130,'1/1',NULL),(3037,0,'2015-05-15',130,'1/1',NULL),(3039,0,'2015-05-15',130,'1/1',NULL),(3041,0,'2015-05-15',130,'1/1',NULL),(3043,0,'2015-05-15',130,'1/1',NULL),(3045,0,'2015-05-15',130,'1/1',NULL),(3047,0,'2015-05-15',130,'1/1',NULL),(3049,0,'2015-05-15',130,'1/1',NULL),(3051,0,'2015-05-15',130,'1/1',NULL),(3053,0,'2015-05-15',130,'1/1',NULL),(3055,0,'2015-05-15',130,'1/1',NULL),(3057,0,'2015-05-15',130,'1/1',NULL),(3059,0,'2015-05-15',130,'1/1',NULL),(3061,0,'2015-05-15',130,'1/1',NULL),(3063,0,'2015-05-15',130,'1/1',NULL),(3065,0,'2015-05-15',130,'1/1',NULL),(3067,0,'2015-05-15',130,'1/1',NULL),(3069,0,'2015-05-15',130,'1/1',NULL),(3071,0,'2015-05-15',130,'1/1',NULL),(3073,0,'2015-05-15',130,'1/1',NULL),(3075,0,'2015-05-15',130,'1/1',NULL),(3077,0,'2015-05-15',130,'1/1',NULL),(3079,0,'2015-05-15',130,'1/1',NULL),(3081,0,'2015-05-15',130,'1/1',NULL),(3083,0,'2015-05-15',130,'1/1',NULL),(3085,0,'2015-05-15',130,'1/1',NULL),(3087,0,'2015-05-15',130,'1/1',NULL),(3089,0,'2015-05-15',130,'1/1',NULL),(3091,0,'2015-05-15',130,'1/1',NULL),(3093,0,'2015-05-15',130,'1/1',NULL),(3095,0,'2015-05-15',130,'1/1',NULL),(3097,0,'2015-05-15',130,'1/1',NULL),(3099,0,'2015-05-15',130,'1/1',NULL),(3101,0,'2015-05-15',130,'1/1',NULL),(3103,0,'2015-05-15',130,'1/1',NULL),(3105,0,'2015-05-15',130,'1/1',NULL),(3107,0,'2015-05-15',130,'1/1',NULL),(3109,0,'2015-05-15',130,'1/1',NULL),(3111,0,'2015-05-15',130,'1/1',NULL),(3113,0,'2015-05-15',130,'1/1',NULL),(3115,0,'2015-05-15',130,'1/1',NULL),(3117,0,'2015-05-15',130,'1/1',NULL),(3119,0,'2015-05-15',130,'1/1',NULL),(3121,0,'2015-05-15',130,'1/1',NULL),(3123,0,'2015-05-15',130,'1/1',NULL),(3125,0,'2015-05-15',130,'1/1',NULL),(3127,0,'2015-05-15',130,'1/1',NULL),(3129,0,'2015-05-15',130,'1/1',NULL),(3131,0,'2015-05-15',130,'1/1',NULL),(3133,0,'2015-05-15',130,'1/1',NULL),(3135,0,'2015-05-15',130,'1/1',NULL),(3137,0,'2015-05-15',130,'1/1',NULL),(3139,0,'2015-05-15',130,'1/1',NULL),(3141,0,'2015-05-15',130,'1/1',NULL),(3143,0,'2015-05-15',130,'1/1',NULL),(3145,0,'2015-05-15',130,'1/1',NULL),(3147,0,'2015-05-15',130,'1/1',NULL),(3149,0,'2015-05-15',130,'1/1',NULL),(3151,0,'2015-05-15',130,'1/1',NULL),(3153,0,'2015-05-15',130,'1/1',NULL),(3155,0,'2015-05-15',130,'1/1',NULL),(3157,0,'2015-05-15',130,'1/1',NULL),(3159,0,'2015-05-15',130,'1/1',NULL),(3161,0,'2015-05-15',130,'1/1',NULL),(3163,0,'2015-05-15',130,'1/1',NULL),(3165,0,'2015-05-15',130,'1/1',NULL),(3167,0,'2015-05-15',130,'1/1',NULL),(3169,0,'2015-05-15',130,'1/1',NULL),(3171,0,'2015-05-15',130,'1/1',NULL),(3173,0,'2015-05-15',130,'1/1',NULL),(3175,0,'2015-05-15',130,'1/1',NULL),(3177,0,'2015-05-15',130,'1/1',NULL),(3179,0,'2015-05-15',130,'1/1',NULL),(3181,0,'2015-05-15',130,'1/1',NULL),(3183,0,'2015-05-15',130,'1/1',NULL),(3185,0,'2015-05-15',130,'1/1',NULL),(3187,0,'2015-05-15',130,'1/1',NULL),(3189,0,'2015-05-15',130,'1/1',NULL),(3191,0,'2015-05-15',130,'1/1',NULL),(3193,0,'2015-05-15',130,'1/1',NULL),(3195,0,'2015-05-15',130,'1/1',NULL),(3197,0,'2015-05-15',130,'1/1',NULL),(3199,0,'2015-05-15',130,'1/1',NULL),(3252,0,'2015-05-15',100,'1/2',NULL),(3253,0,'2015-06-15',100,'2/2',NULL),(3255,0,'2015-05-15',100,'1/5',3261),(3256,0,'2015-06-15',100,'2/5',3302),(3257,0,'2015-07-15',100,'3/5',NULL),(3258,0,'2015-08-15',100,'4/5',NULL),(3259,0,'2015-09-15',100,'5/5',NULL),(3262,0,'2015-05-10',55,'1/2',3265),(3263,0,'2015-06-10',55,'2/2',3301),(3351,0,'2015-05-07',100,'1/2',NULL),(3352,0,'2015-06-07',100,'2/2',NULL);
/*!40000 ALTER TABLE `cuota` ENABLE KEYS */;
UNLOCK TABLES;

--
-- Table structure for table `deuda`
--

DROP TABLE IF EXISTS `deuda`;
/*!40101 SET @saved_cs_client     = @@character_set_client */;
/*!40101 SET character_set_client = utf8 */;
CREATE TABLE `deuda` (
  `IDDEUDA` bigint(20) NOT NULL,
  `BORRADOLOGICO` tinyint(1) DEFAULT '0',
  `FECHAGENERACION` date DEFAULT NULL,
  `OBSERVACION` varchar(1000) DEFAULT NULL,
  `UNCONCEPTODEPORTIVO_IDCONCEPTODEPORTIVO` bigint(20) DEFAULT NULL,
  PRIMARY KEY (`IDDEUDA`),
  KEY `FK_DEUDA_UNCONCEPTODEPORTIVO_IDCONCEPTODEPORTIVO` (`UNCONCEPTODEPORTIVO_IDCONCEPTODEPORTIVO`),
  CONSTRAINT `FK_DEUDA_UNCONCEPTODEPORTIVO_IDCONCEPTODEPORTIVO` FOREIGN KEY (`UNCONCEPTODEPORTIVO_IDCONCEPTODEPORTIVO`) REFERENCES `conceptodeportivo` (`IDCONCEPTODEPORTIVO`)
) ENGINE=InnoDB DEFAULT CHARSET=utf8;
/*!40101 SET character_set_client = @saved_cs_client */;

--
-- Dumping data for table `deuda`
--

LOCK TABLES `deuda` WRITE;
/*!40000 ALTER TABLE `deuda` DISABLE KEYS */;
INSERT INTO `deuda` VALUES (453,0,'2010-02-02','Pase de Equipo: ---- a Equipo : Guaraní',73),(457,0,'2002-03-01','Pase de Equipo: ---- a Equipo : Legislativo',73),(461,0,'2010-03-17','Pase de Equipo: ---- a Equipo : Ytá',73),(465,0,'2004-05-31','Pase de Equipo: ---- a Equipo : Nuevo Legislativo',73),(469,0,'2008-09-03','Pase de Equipo: ---- a Equipo : Educación',73),(473,0,'2009-07-30','Pase de Equipo: ---- a Equipo : CAPRI C',73),(477,0,'2005-10-05','Pase de Equipo: ---- a Equipo : Legislativo B',73),(481,0,'2005-08-27','Pase de Equipo: ---- a Equipo : CAPRI B',73),(485,0,'1999-01-27','Pase de Equipo: ---- a Equipo : La Picada',73),(489,0,'2006-06-19','Pase de Equipo: ---- a Equipo : La Picada',73),(493,0,'1999-04-09','Pase de Equipo: ---- a Equipo : Cazadores AZUL',73),(497,0,'2012-06-14','Pase de Equipo: ---- a Equipo : Camara Legislativa',73),(501,0,'2004-06-29','Pase de Equipo: ---- a Equipo : Legislativo',73),(505,0,'2013-03-13','Pase de Equipo: ---- a Equipo : Legislativo',73),(509,0,'2012-02-07','Pase de Equipo: ---- a Equipo : Camara Legislativa',73),(513,0,'2014-01-25','Pase de Equipo: ---- a Equipo : La Picada',73),(517,0,'2000-12-29','Pase de Equipo: ---- a Equipo : La Picada',73),(521,0,'2013-05-16','Pase de Equipo: ---- a Equipo : CAPRI B',73),(525,0,'2006-09-09','Pase de Equipo: ---- a Equipo : Luz y Fuerza',73),(529,0,'2002-02-20','Pase de Equipo: ---- a Equipo : Ytá',73),(533,0,'2001-11-21','Pase de Equipo: ---- a Equipo : La Picada',73),(537,0,'2007-10-20','Pase de Equipo: ---- a Equipo : CAPRI B',73),(541,0,'2008-05-17','Pase de Equipo: ---- a Equipo : Legislativo',73),(545,0,'2012-11-01','Pase de Equipo: ---- a Equipo : Luz y Fuerza',73),(549,0,'1999-06-25','Pase de Equipo: ---- a Equipo : Cazadores AZUL',73),(553,0,'2000-10-20','Pase de Equipo: ---- a Equipo : Educación',73),(557,0,'2011-12-07','Pase de Equipo: ---- a Equipo : Luz y Fuerza',73),(561,0,'2003-06-01','Pase de Equipo: ---- a Equipo : CAPRI C',73),(565,0,'2002-02-05','Pase de Equipo: ---- a Equipo : Pira Pyta Pota',73),(569,0,'2011-05-26','Pase de Equipo: ---- a Equipo : Tacurú',73),(573,0,'2014-02-24','Pase de Equipo: ---- a Equipo : Legislativo B',73),(577,0,'2004-10-13','Pase de Equipo: ---- a Equipo : Pira Pyta Pota',73),(581,0,'2005-07-09','Pase de Equipo: ---- a Equipo : CAPRI A',73),(585,0,'2014-06-21','Pase de Equipo: ---- a Equipo : Legislativo',73),(589,0,'2008-11-29','Pase de Equipo: ---- a Equipo : CAPRI B',73),(593,0,'2010-01-13','Pase de Equipo: ---- a Equipo : Legislativo B',73),(597,0,'2013-03-25','Pase de Equipo: ---- a Equipo : Sol Legislativo',73),(601,0,'2001-11-25','Pase de Equipo: ---- a Equipo : Pira Pyta Pota',73),(605,0,'1999-07-09','Pase de Equipo: ---- a Equipo : Luz y Fuerza',73),(609,0,'2013-04-10','Pase de Equipo: ---- a Equipo : CAPRI C',73),(613,0,'2013-01-04','Pase de Equipo: ---- a Equipo : CAPRI C',73),(617,0,'2006-11-08','Pase de Equipo: ---- a Equipo : Pira Pyta Pota',73),(621,0,'2001-10-12','Pase de Equipo: ---- a Equipo : Luz y Fuerza',73),(625,0,'2012-08-27','Pase de Equipo: ---- a Equipo : Cazadores A',73),(629,0,'2002-09-20','Pase de Equipo: ---- a Equipo : Crucero NERANJA',73),(633,0,'2007-01-26','Pase de Equipo: ---- a Equipo : Cazadores A',73),(637,0,'2014-04-07','Pase de Equipo: ---- a Equipo : Legislativo',73),(641,0,'2008-02-12','Pase de Equipo: ---- a Equipo : Tacurú',73),(645,0,'2010-05-29','Pase de Equipo: ---- a Equipo : Cazadores A',73),(649,0,'1999-04-23','Pase de Equipo: ---- a Equipo : Camara Legislativa',73),(653,0,'2009-05-27','Pase de Equipo: ---- a Equipo : Unión B',73),(657,0,'2011-02-13','Pase de Equipo: ---- a Equipo : Legislativo B',73),(661,0,'2008-12-01','Pase de Equipo: ---- a Equipo : Camara Legislativa',73),(665,0,'2002-09-20','Pase de Equipo: ---- a Equipo : Nuevo Legislativo',73),(669,0,'2000-08-29','Pase de Equipo: ---- a Equipo : Camionero',73),(673,0,'2008-03-20','Pase de Equipo: ---- a Equipo : Pira Pyta Pota',73),(677,0,'2011-10-10','Pase de Equipo: ---- a Equipo : CAPRI B',73),(681,0,'2010-12-17','Pase de Equipo: ---- a Equipo : Guaraní',73),(685,0,'2010-04-18','Pase de Equipo: ---- a Equipo : CAPRI A',73),(689,0,'1999-03-25','Pase de Equipo: ---- a Equipo : Nuevo Legislativo',73),(693,0,'2014-02-03','Pase de Equipo: ---- a Equipo : Guaraní',73),(697,0,'2005-03-26','Pase de Equipo: ---- a Equipo : CAPRI C',73),(701,0,'2007-08-18','Pase de Equipo: ---- a Equipo : Crucero AMARILLO',73),(705,0,'2004-09-25','Pase de Equipo: ---- a Equipo : Legislativo B',73),(709,0,'2010-05-17','Pase de Equipo: ---- a Equipo : Crucero AMARILLO',73),(713,0,'2003-02-10','Pase de Equipo: ---- a Equipo : Crucero AMARILLO',73),(717,0,'2000-04-11','Pase de Equipo: ---- a Equipo : La Picada',73),(721,0,'2010-06-06','Pase de Equipo: ---- a Equipo : Nuevo Legislativo',73),(725,0,'2008-09-18','Pase de Equipo: ---- a Equipo : Cazadores ROJO',73),(729,0,'2005-03-13','Pase de Equipo: ---- a Equipo : Tacurú',73),(733,0,'2008-07-07','Pase de Equipo: ---- a Equipo : Nuevo Legislativo',73),(737,0,'2003-09-07','Pase de Equipo: ---- a Equipo : Educación',73),(741,0,'2000-12-13','Pase de Equipo: ---- a Equipo : Legislativo',73),(745,0,'2005-07-22','Pase de Equipo: ---- a Equipo : Crucero AMARILLO',73),(749,0,'2001-03-02','Pase de Equipo: ---- a Equipo : Mitre',73),(753,0,'2004-12-23','Pase de Equipo: ---- a Equipo : Educación',73),(757,0,'2012-05-30','Pase de Equipo: ---- a Equipo : Pira Pyta Pota',73),(761,0,'2010-04-01','Pase de Equipo: ---- a Equipo : Mitre',73),(765,0,'2010-02-05','Pase de Equipo: ---- a Equipo : Cazadores A',73),(769,0,'2001-10-12','Pase de Equipo: ---- a Equipo : Sol Legislativo',73),(773,0,'2012-04-11','Pase de Equipo: ---- a Equipo : La Picada',73),(777,0,'2010-09-16','Pase de Equipo: ---- a Equipo : Unión B',73),(781,0,'2004-07-20','Pase de Equipo: ---- a Equipo : Legislativo',73),(785,0,'2006-09-22','Pase de Equipo: ---- a Equipo : Ytá',73),(789,0,'2006-12-03','Pase de Equipo: ---- a Equipo : Unión A',73),(793,0,'2003-05-02','Pase de Equipo: ---- a Equipo : Legislativo B',73),(797,0,'2001-04-16','Pase de Equipo: ---- a Equipo : Cazadores ROJO',73),(801,0,'2004-03-04','Pase de Equipo: ---- a Equipo : Legislativo',73),(805,0,'2000-12-08','Pase de Equipo: ---- a Equipo : La Picada',73),(809,0,'1999-03-14','Pase de Equipo: ---- a Equipo : Unión B',73),(813,0,'2013-02-17','Pase de Equipo: ---- a Equipo : Legislativo',73),(817,0,'2000-03-28','Pase de Equipo: ---- a Equipo : CAPRI B',73),(821,0,'2000-04-23','Pase de Equipo: ---- a Equipo : Cazadores A',73),(825,0,'2003-07-26','Pase de Equipo: ---- a Equipo : Nuevo Legislativo',73),(829,0,'2007-05-12','Pase de Equipo: ---- a Equipo : Ytá',73),(833,0,'2000-09-10','Pase de Equipo: ---- a Equipo : Unión A',73),(837,0,'2011-01-30','Pase de Equipo: ---- a Equipo : Cazadores AZUL',73),(841,0,'2012-07-03','Pase de Equipo: ---- a Equipo : Unión A',73),(845,0,'1999-09-12','Pase de Equipo: ---- a Equipo : Unión A',73),(849,0,'2001-05-05','Pase de Equipo: ---- a Equipo : CAPRI C',73),(853,0,'2010-12-08','Pase de Equipo: ---- a Equipo : Sol Legislativo',73),(857,0,'2003-12-17','Pase de Equipo: ---- a Equipo : CAPRI A',73),(861,0,'2003-04-12','Pase de Equipo: ---- a Equipo : La Picada',73),(865,0,'2002-01-02','Pase de Equipo: ---- a Equipo : Cazadores A',73),(869,0,'2008-12-12','Pase de Equipo: ---- a Equipo : Educación',73),(873,0,'2010-07-14','Pase de Equipo: ---- a Equipo : Legislativo B',73),(877,0,'2003-06-10','Pase de Equipo: ---- a Equipo : CAPRI B',73),(881,0,'2011-07-31','Pase de Equipo: ---- a Equipo : Crucero AMARILLO',73),(885,0,'2013-05-10','Pase de Equipo: ---- a Equipo : CAPRI A',73),(889,0,'2000-08-18','Pase de Equipo: ---- a Equipo : Luz y Fuerza',73),(893,0,'2010-12-19','Pase de Equipo: ---- a Equipo : Luz y Fuerza',73),(897,0,'2009-12-01','Pase de Equipo: ---- a Equipo : Pira Pyta Pota',73),(901,0,'2001-03-26','Pase de Equipo: ---- a Equipo : Legislativo',73),(905,0,'2004-06-02','Pase de Equipo: ---- a Equipo : Educación',73),(909,0,'2002-12-13','Pase de Equipo: ---- a Equipo : Unión B',73),(913,0,'2002-11-23','Pase de Equipo: ---- a Equipo : Educación',73),(917,0,'2010-11-30','Pase de Equipo: ---- a Equipo : Mitre',73),(921,0,'2006-08-09','Pase de Equipo: ---- a Equipo : Cazadores A',73),(925,0,'2009-07-17','Pase de Equipo: ---- a Equipo : Cazadores AZUL',73),(929,0,'2010-04-13','Pase de Equipo: ---- a Equipo : Nuevo Legislativo',73),(933,0,'2010-09-18','Pase de Equipo: ---- a Equipo : Legislativo',73),(937,0,'2010-02-12','Pase de Equipo: ---- a Equipo : Camara Legislativa',73),(941,0,'2006-09-27','Pase de Equipo: ---- a Equipo : Cazadores A',73),(945,0,'2002-10-31','Pase de Equipo: ---- a Equipo : CAPRI B',73),(949,0,'2013-04-30','Pase de Equipo: ---- a Equipo : Crucero NERANJA',73),(953,0,'2002-08-27','Pase de Equipo: ---- a Equipo : Ytá',73),(957,0,'2009-07-26','Pase de Equipo: ---- a Equipo : Guaraní',73),(961,0,'2006-01-28','Pase de Equipo: ---- a Equipo : Legislativo',73),(965,0,'2010-04-19','Pase de Equipo: ---- a Equipo : Cazadores A',73),(969,0,'2010-10-30','Pase de Equipo: ---- a Equipo : Cazadores A',73),(973,0,'2003-06-27','Pase de Equipo: ---- a Equipo : Camionero',73),(977,0,'2009-11-21','Pase de Equipo: ---- a Equipo : Cazadores AZUL',73),(981,0,'2009-11-12','Pase de Equipo: ---- a Equipo : CAPRI B',73),(985,0,'2002-10-24','Pase de Equipo: ---- a Equipo : CAPRI A',73),(989,0,'2002-12-14','Pase de Equipo: ---- a Equipo : CAPRI C',73),(993,0,'2006-04-13','Pase de Equipo: ---- a Equipo : Guaraní',73),(997,0,'2012-12-20','Pase de Equipo: ---- a Equipo : Legislativo',73),(1001,0,'2005-08-21','Pase de Equipo: ---- a Equipo : Camionero',73),(1005,0,'2005-08-12','Pase de Equipo: ---- a Equipo : Unión A',73),(1009,0,'2009-11-07','Pase de Equipo: ---- a Equipo : Guaraní',73),(1013,0,'2002-04-14','Pase de Equipo: ---- a Equipo : Legislativo B',73),(1017,0,'1999-01-26','Pase de Equipo: ---- a Equipo : Mitre',73),(1021,0,'2005-11-23','Pase de Equipo: ---- a Equipo : Unión B',73),(1025,0,'2001-05-17','Pase de Equipo: ---- a Equipo : Unión B',73),(1029,0,'2006-12-03','Pase de Equipo: ---- a Equipo : Camara Legislativa',73),(1033,0,'2007-09-25','Pase de Equipo: ---- a Equipo : Ytá',73),(1037,0,'1999-06-18','Pase de Equipo: ---- a Equipo : Legislativo',73),(1041,0,'2013-08-23','Pase de Equipo: ---- a Equipo : Cazadores A',73),(1045,0,'1999-10-14','Pase de Equipo: ---- a Equipo : Nuevo Legislativo',73),(1049,0,'1999-07-19','Pase de Equipo: ---- a Equipo : Educación',73),(1053,0,'2012-05-19','Pase de Equipo: ---- a Equipo : Guaraní',73),(1057,0,'2000-04-26','Pase de Equipo: ---- a Equipo : Cazadores AZUL',73),(1061,0,'2008-05-06','Pase de Equipo: ---- a Equipo : Cazadores AZUL',73),(1065,0,'2006-12-21','Pase de Equipo: ---- a Equipo : Tacurú',73),(1069,0,'1999-07-28','Pase de Equipo: ---- a Equipo : Unión A',73),(1073,0,'2014-02-15','Pase de Equipo: ---- a Equipo : Tacurú',73),(1077,0,'2003-10-31','Pase de Equipo: ---- a Equipo : Pira Pyta Pota',73),(1081,0,'2006-07-08','Pase de Equipo: ---- a Equipo : Cazadores AZUL',73),(1085,0,'2005-01-05','Pase de Equipo: ---- a Equipo : Nuevo Legislativo',73),(1089,0,'2011-01-22','Pase de Equipo: ---- a Equipo : Legislativo',73),(1093,0,'2009-03-09','Pase de Equipo: ---- a Equipo : Cazadores A',73),(1097,0,'2001-09-25','Pase de Equipo: ---- a Equipo : CAPRI C',73),(1101,0,'2009-02-12','Pase de Equipo: ---- a Equipo : Luz y Fuerza',73),(1105,0,'2004-07-20','Pase de Equipo: ---- a Equipo : Camara Legislativa',73),(1109,0,'2002-05-21','Pase de Equipo: ---- a Equipo : Luz y Fuerza',73),(1113,0,'2007-07-18','Pase de Equipo: ---- a Equipo : Ucraniano',73),(1117,0,'2013-03-13','Pase de Equipo: ---- a Equipo : Crucero NERANJA',73),(1121,0,'2006-12-23','Pase de Equipo: ---- a Equipo : Mitre',73),(1125,0,'1999-03-03','Pase de Equipo: ---- a Equipo : Luz y Fuerza',73),(1129,0,'1999-05-14','Pase de Equipo: ---- a Equipo : Luz y Fuerza',73),(1133,0,'2006-12-06','Pase de Equipo: ---- a Equipo : Unión B',73),(1137,0,'2011-06-12','Pase de Equipo: ---- a Equipo : Cazadores A',73),(1141,0,'2004-02-04','Pase de Equipo: ---- a Equipo : CAPRI A',73),(1145,0,'2012-06-15','Pase de Equipo: ---- a Equipo : Nuevo Legislativo',73),(1149,0,'2005-08-27','Pase de Equipo: ---- a Equipo : Ytá',73),(1153,0,'2003-05-02','Pase de Equipo: ---- a Equipo : La Picada',73),(1157,0,'2007-02-13','Pase de Equipo: ---- a Equipo : Cazadores AZUL',73),(1161,0,'2004-09-13','Pase de Equipo: ---- a Equipo : Guaraní',73),(1165,0,'2003-04-26','Pase de Equipo: ---- a Equipo : Cazadores ROJO',73),(1169,0,'2007-12-18','Pase de Equipo: ---- a Equipo : La Picada',73),(1173,0,'2012-01-15','Pase de Equipo: ---- a Equipo : CAPRI C',73),(1177,0,'2004-12-05','Pase de Equipo: ---- a Equipo : Guaraní',73),(1181,0,'2007-05-28','Pase de Equipo: ---- a Equipo : Tacurú',73),(1185,0,'2003-10-13','Pase de Equipo: ---- a Equipo : Crucero AMARILLO',73),(1189,0,'2012-09-05','Pase de Equipo: ---- a Equipo : CAPRI B',73),(1193,0,'2001-02-21','Pase de Equipo: ---- a Equipo : Camara Legislativa',73),(1197,0,'2002-09-11','Pase de Equipo: ---- a Equipo : Cazadores ROJO',73),(1201,0,'2004-08-12','Pase de Equipo: ---- a Equipo : Unión B',73),(1205,0,'2001-08-27','Pase de Equipo: ---- a Equipo : La Picada',73),(1209,0,'2011-06-09','Pase de Equipo: ---- a Equipo : Unión A',73),(1213,0,'2004-03-23','Pase de Equipo: ---- a Equipo : Cazadores AZUL',73),(1217,0,'2001-04-08','Pase de Equipo: ---- a Equipo : Educación',73),(1221,0,'2013-01-17','Pase de Equipo: ---- a Equipo : Sol Legislativo',73),(1225,0,'2004-10-10','Pase de Equipo: ---- a Equipo : Cazadores A',73),(1229,0,'2010-09-06','Pase de Equipo: ---- a Equipo : CAPRI C',73),(1233,0,'2013-12-07','Pase de Equipo: ---- a Equipo : Unión B',73),(1237,0,'2001-01-17','Pase de Equipo: ---- a Equipo : Pira Pyta Pota',73),(1241,0,'2007-03-01','Pase de Equipo: ---- a Equipo : CAPRI C',73),(1245,0,'2003-03-11','Pase de Equipo: ---- a Equipo : Camara Legislativa',73),(1249,0,'2013-04-02','Pase de Equipo: ---- a Equipo : Nuevo Legislativo',73),(1253,0,'2005-10-20','Pase de Equipo: ---- a Equipo : Mitre',73),(1257,0,'2009-12-22','Pase de Equipo: ---- a Equipo : Camara Legislativa',73),(1261,0,'2001-07-20','Pase de Equipo: ---- a Equipo : La Picada',73),(1265,0,'2002-05-03','Pase de Equipo: ---- a Equipo : CAPRI A',73),(1269,0,'1999-09-02','Pase de Equipo: ---- a Equipo : Sol Legislativo',73),(1273,0,'2009-07-22','Pase de Equipo: ---- a Equipo : Nuevo Legislativo',73),(1277,0,'2012-06-19','Pase de Equipo: ---- a Equipo : Sol Legislativo',73),(1281,0,'2004-05-07','Pase de Equipo: ---- a Equipo : CAPRI A',73),(1285,0,'1999-11-07','Pase de Equipo: ---- a Equipo : Cazadores AZUL',73),(1289,0,'2007-09-26','Pase de Equipo: ---- a Equipo : CAPRI B',73),(1293,0,'2014-05-14','Pase de Equipo: ---- a Equipo : Legislativo B',73),(1297,0,'2006-02-04','Pase de Equipo: ---- a Equipo : Cazadores ROJO',73),(1301,0,'2006-06-17','Pase de Equipo: ---- a Equipo : Ucraniano',73),(1305,0,'2014-07-26','Pase de Equipo: ---- a Equipo : CAPRI A',73),(1309,0,'2009-01-13','Pase de Equipo: ---- a Equipo : Crucero NERANJA',73),(1313,0,'2006-07-22','Pase de Equipo: ---- a Equipo : Mitre',73),(1317,0,'2000-05-07','Pase de Equipo: ---- a Equipo : Guaraní',73),(1321,0,'2012-05-06','Pase de Equipo: ---- a Equipo : CAPRI C',73),(1325,0,'2000-04-03','Pase de Equipo: ---- a Equipo : Luz y Fuerza',73),(1329,0,'2005-04-06','Pase de Equipo: ---- a Equipo : Unión B',73),(1333,0,'2010-01-22','Pase de Equipo: ---- a Equipo : Unión B',73),(1337,0,'1999-12-28','Pase de Equipo: ---- a Equipo : Cazadores ROJO',73),(1341,0,'2006-10-12','Pase de Equipo: ---- a Equipo : Camara Legislativa',73),(1345,0,'2009-08-08','Pase de Equipo: ---- a Equipo : Tacurú',73),(1349,0,'2012-01-14','Pase de Equipo: ---- a Equipo : Crucero AMARILLO',73),(1353,0,'2010-01-11','Pase de Equipo: ---- a Equipo : Tacurú',73),(1357,0,'2014-01-11','Pase de Equipo: ---- a Equipo : Pira Pyta Pota',73),(1361,0,'2006-04-03','Pase de Equipo: ---- a Equipo : Crucero AMARILLO',73),(1365,0,'2003-10-20','Pase de Equipo: ---- a Equipo : Camara Legislativa',73),(1369,0,'2008-03-12','Pase de Equipo: ---- a Equipo : Legislativo',73),(1373,0,'2012-04-23','Pase de Equipo: ---- a Equipo : Crucero AMARILLO',73),(1377,0,'2011-10-09','Pase de Equipo: ---- a Equipo : Unión A',73),(1381,0,'1999-06-20','Pase de Equipo: ---- a Equipo : Tacurú',73),(1385,0,'2000-04-24','Pase de Equipo: ---- a Equipo : Nuevo Legislativo',73),(1389,0,'2014-05-15','Pase de Equipo: ---- a Equipo : CAPRI C',73),(1393,0,'2011-12-12','Pase de Equipo: ---- a Equipo : Sol Legislativo',73),(1397,0,'1999-05-22','Pase de Equipo: ---- a Equipo : Luz y Fuerza',73),(1401,0,'2005-03-22','Pase de Equipo: ---- a Equipo : Cazadores AZUL',73),(1405,0,'2006-07-19','Pase de Equipo: ---- a Equipo : Cazadores A',73),(1409,0,'2003-03-15','Pase de Equipo: ---- a Equipo : Unión A',73),(1413,0,'2010-04-17','Pase de Equipo: ---- a Equipo : Pira Pyta Pota',73),(1417,0,'2000-12-20','Pase de Equipo: ---- a Equipo : CAPRI C',73),(1421,0,'2014-03-23','Pase de Equipo: ---- a Equipo : Cazadores ROJO',73),(1425,0,'2004-09-03','Pase de Equipo: ---- a Equipo : CAPRI A',73),(1429,0,'2000-06-11','Pase de Equipo: ---- a Equipo : Cazadores A',73),(1433,0,'2004-02-15','Pase de Equipo: ---- a Equipo : Nuevo Legislativo',73),(1437,0,'2002-05-24','Pase de Equipo: ---- a Equipo : Cazadores ROJO',73),(1441,0,'2008-02-22','Pase de Equipo: ---- a Equipo : CAPRI A',73),(1445,0,'2001-06-14','Pase de Equipo: ---- a Equipo : Pira Pyta Pota',73),(1449,0,'2011-11-12','Pase de Equipo: ---- a Equipo : Cazadores ROJO',73),(1453,0,'2005-06-03','Pase de Equipo: ---- a Equipo : Cazadores AZUL',73),(1457,0,'2004-10-12','Pase de Equipo: ---- a Equipo : Ytá',73),(1461,0,'2010-07-01','Pase de Equipo: ---- a Equipo : Crucero AMARILLO',73),(1465,0,'2003-06-26','Pase de Equipo: ---- a Equipo : Legislativo',73),(1469,0,'2010-04-04','Pase de Equipo: ---- a Equipo : Nuevo Legislativo',73),(1473,0,'2009-02-04','Pase de Equipo: ---- a Equipo : Camara Legislativa',73),(1477,0,'2001-03-29','Pase de Equipo: ---- a Equipo : CAPRI A',73),(1481,0,'2007-02-21','Pase de Equipo: ---- a Equipo : Legislativo B',73),(1485,0,'2001-07-28','Pase de Equipo: ---- a Equipo : Legislativo B',73),(1489,0,'2007-11-21','Pase de Equipo: ---- a Equipo : La Picada',73),(1493,0,'2002-10-30','Pase de Equipo: ---- a Equipo : CAPRI B',73),(1497,0,'2005-12-08','Pase de Equipo: ---- a Equipo : Unión A',73),(1501,0,'2014-03-05','Pase de Equipo: ---- a Equipo : Mitre',73),(1505,0,'2010-11-08','Pase de Equipo: ---- a Equipo : Mitre',73),(1509,0,'2007-03-10','Pase de Equipo: ---- a Equipo : Ytá',73),(1513,0,'2013-04-20','Pase de Equipo: ---- a Equipo : CAPRI B',73),(1517,0,'2001-07-17','Pase de Equipo: ---- a Equipo : Ytá',73),(1521,0,'2001-10-27','Pase de Equipo: ---- a Equipo : Pira Pyta Pota',73),(1525,0,'2008-07-30','Pase de Equipo: ---- a Equipo : Sol Legislativo',73),(1529,0,'2005-02-28','Pase de Equipo: ---- a Equipo : CAPRI B',73),(1533,0,'2006-05-27','Pase de Equipo: ---- a Equipo : Legislativo B',73),(1537,0,'2009-06-18','Pase de Equipo: ---- a Equipo : Crucero AMARILLO',73),(1541,0,'2009-09-12','Pase de Equipo: ---- a Equipo : Cazadores AZUL',73),(1545,0,'2000-03-31','Pase de Equipo: ---- a Equipo : Cazadores ROJO',73),(1549,0,'2002-01-15','Pase de Equipo: ---- a Equipo : Camara Legislativa',73),(1553,0,'2004-05-18','Pase de Equipo: ---- a Equipo : Camara Legislativa',73),(1557,0,'2003-11-01','Pase de Equipo: ---- a Equipo : Crucero AMARILLO',73),(1561,0,'2011-05-20','Pase de Equipo: ---- a Equipo : Ucraniano',73),(1565,0,'2008-07-07','Pase de Equipo: ---- a Equipo : Educación',73),(1569,0,'2009-05-24','Pase de Equipo: ---- a Equipo : Crucero NERANJA',73),(1573,0,'1999-10-30','Pase de Equipo: ---- a Equipo : Camara Legislativa',73),(1577,0,'2001-05-29','Pase de Equipo: ---- a Equipo : Crucero AMARILLO',73),(1581,0,'2012-10-14','Pase de Equipo: ---- a Equipo : CAPRI B',73),(1585,0,'2000-12-06','Pase de Equipo: ---- a Equipo : Unión B',73),(1589,0,'2000-02-16','Pase de Equipo: ---- a Equipo : Cazadores A',73),(1593,0,'2009-03-13','Pase de Equipo: ---- a Equipo : Educación',73),(1597,0,'2014-05-04','Pase de Equipo: ---- a Equipo : Cazadores AZUL',73),(1601,0,'2010-04-12','Pase de Equipo: ---- a Equipo : Ytá',73),(1605,0,'2005-04-24','Pase de Equipo: ---- a Equipo : Luz y Fuerza',73),(1609,0,'2005-04-18','Pase de Equipo: ---- a Equipo : Crucero NERANJA',73),(1613,0,'2000-12-01','Pase de Equipo: ---- a Equipo : Cazadores A',73),(1617,0,'2001-01-01','Pase de Equipo: ---- a Equipo : Educación',73),(1621,0,'2005-09-24','Pase de Equipo: ---- a Equipo : Legislativo B',73),(1625,0,'2013-09-13','Pase de Equipo: ---- a Equipo : Legislativo B',73),(1629,0,'2003-04-15','Pase de Equipo: ---- a Equipo : Ucraniano',73),(1633,0,'2013-07-30','Pase de Equipo: ---- a Equipo : Sol Legislativo',73),(1637,0,'1999-05-30','Pase de Equipo: ---- a Equipo : Cazadores AZUL',73),(1641,0,'2005-08-20','Pase de Equipo: ---- a Equipo : Educación',73),(1645,0,'2010-11-20','Pase de Equipo: ---- a Equipo : CAPRI A',73),(1649,0,'2004-02-11','Pase de Equipo: ---- a Equipo : Unión B',73),(1653,0,'2010-06-10','Pase de Equipo: ---- a Equipo : Pira Pyta Pota',73),(1657,0,'2013-12-10','Pase de Equipo: ---- a Equipo : Camionero',73),(1661,0,'2002-08-10','Pase de Equipo: ---- a Equipo : Unión B',73),(1665,0,'2014-03-24','Pase de Equipo: ---- a Equipo : Crucero NERANJA',73),(1669,0,'1999-01-27','Pase de Equipo: ---- a Equipo : Camionero',73),(1673,0,'1999-04-09','Pase de Equipo: ---- a Equipo : Crucero NERANJA',73),(1677,0,'2000-07-22','Pase de Equipo: ---- a Equipo : Nuevo Legislativo',73),(1681,0,'2010-04-30','Pase de Equipo: ---- a Equipo : Tacurú',73),(1685,0,'2002-04-23','Pase de Equipo: ---- a Equipo : Luz y Fuerza',73),(1689,0,'2004-12-14','Pase de Equipo: ---- a Equipo : CAPRI C',73),(1693,0,'2008-06-14','Pase de Equipo: ---- a Equipo : Ytá',73),(1697,0,'2010-08-08','Pase de Equipo: ---- a Equipo : Crucero AMARILLO',73),(1701,0,'2003-11-13','Pase de Equipo: ---- a Equipo : Educación',73),(1705,0,'2010-02-16','Pase de Equipo: ---- a Equipo : Cazadores A',73),(1709,0,'1999-03-20','Pase de Equipo: ---- a Equipo : Camionero',73),(1713,0,'2006-04-21','Pase de Equipo: ---- a Equipo : Luz y Fuerza',73),(1717,0,'2006-06-14','Pase de Equipo: ---- a Equipo : Cazadores ROJO',73),(1721,0,'2009-05-26','Pase de Equipo: ---- a Equipo : Luz y Fuerza',73),(1725,0,'2006-02-18','Pase de Equipo: ---- a Equipo : CAPRI B',73),(1729,0,'2004-08-02','Pase de Equipo: ---- a Equipo : Pira Pyta Pota',73),(1733,0,'2010-02-21','Pase de Equipo: ---- a Equipo : Cazadores AZUL',73),(1737,0,'2008-07-24','Pase de Equipo: ---- a Equipo : Cazadores AZUL',73),(1741,0,'2002-07-10','Pase de Equipo: ---- a Equipo : Luz y Fuerza',73),(1745,0,'2010-09-07','Pase de Equipo: ---- a Equipo : Nuevo Legislativo',73),(1749,0,'2001-04-13','Pase de Equipo: ---- a Equipo : Guaraní',73),(1753,0,'2011-11-22','Pase de Equipo: ---- a Equipo : Legislativo',73),(1757,0,'2014-04-04','Pase de Equipo: ---- a Equipo : Ytá',73),(1761,0,'2012-02-26','Pase de Equipo: ---- a Equipo : Camionero',73),(1765,0,'2011-05-27','Pase de Equipo: ---- a Equipo : CAPRI B',73),(1769,0,'2011-07-19','Pase de Equipo: ---- a Equipo : Legislativo',73),(1773,0,'2000-10-05','Pase de Equipo: ---- a Equipo : Unión A',73),(1777,0,'2000-08-16','Pase de Equipo: ---- a Equipo : Guaraní',73),(1781,0,'2013-06-26','Pase de Equipo: ---- a Equipo : Cazadores ROJO',73),(1785,0,'2004-01-22','Pase de Equipo: ---- a Equipo : Cazadores A',73),(1789,0,'2003-06-13','Pase de Equipo: ---- a Equipo : Legislativo',73),(1793,0,'1999-08-26','Pase de Equipo: ---- a Equipo : Cazadores A',73),(1797,0,'2007-06-15','Pase de Equipo: ---- a Equipo : Crucero NERANJA',73),(1801,0,'2004-09-03','Pase de Equipo: ---- a Equipo : La Picada',73),(1805,0,'2010-08-07','Pase de Equipo: ---- a Equipo : Sol Legislativo',73),(1809,0,'2007-05-26','Pase de Equipo: ---- a Equipo : Camionero',73),(1813,0,'2011-07-15','Pase de Equipo: ---- a Equipo : Pira Pyta Pota',73),(1817,0,'2008-02-11','Pase de Equipo: ---- a Equipo : Educación',73),(1821,0,'2010-05-26','Pase de Equipo: ---- a Equipo : Cazadores ROJO',73),(1825,0,'2010-05-04','Pase de Equipo: ---- a Equipo : Pira Pyta Pota',73),(1829,0,'2003-09-27','Pase de Equipo: ---- a Equipo : Sol Legislativo',73),(1833,0,'1999-11-10','Pase de Equipo: ---- a Equipo : Pira Pyta Pota',73),(1837,0,'2006-09-22','Pase de Equipo: ---- a Equipo : Cazadores A',73),(1841,0,'2007-02-02','Pase de Equipo: ---- a Equipo : Luz y Fuerza',73),(1845,0,'2008-12-14','Pase de Equipo: ---- a Equipo : Pira Pyta Pota',73),(1849,0,'2012-10-25','Pase de Equipo: ---- a Equipo : Camara Legislativa',73),(1853,0,'2000-05-16','Pase de Equipo: ---- a Equipo : Cazadores AZUL',73),(1857,0,'2008-10-11','Pase de Equipo: ---- a Equipo : Legislativo',73),(1861,0,'2002-05-01','Pase de Equipo: ---- a Equipo : Sol Legislativo',73),(1865,0,'2010-12-22','Pase de Equipo: ---- a Equipo : Mitre',73),(1869,0,'2012-10-05','Pase de Equipo: ---- a Equipo : Unión B',73),(1873,0,'2001-03-05','Pase de Equipo: ---- a Equipo : Unión A',73),(1877,0,'2010-10-24','Pase de Equipo: ---- a Equipo : Camara Legislativa',73),(1881,0,'2003-10-12','Pase de Equipo: ---- a Equipo : Sol Legislativo',73),(1885,0,'2009-08-01','Pase de Equipo: ---- a Equipo : Nuevo Legislativo',73),(1889,0,'1999-08-24','Pase de Equipo: ---- a Equipo : Unión B',73),(1893,0,'2011-07-18','Pase de Equipo: ---- a Equipo : Mitre',73),(1897,0,'2009-03-31','Pase de Equipo: ---- a Equipo : Mitre',73),(1901,0,'2006-02-11','Pase de Equipo: ---- a Equipo : Sol Legislativo',73),(1905,0,'2004-03-25','Pase de Equipo: ---- a Equipo : Unión A',73),(1909,0,'2008-01-16','Pase de Equipo: ---- a Equipo : Legislativo',73),(1913,0,'2002-09-21','Pase de Equipo: ---- a Equipo : CAPRI A',73),(1917,0,'2003-03-16','Pase de Equipo: ---- a Equipo : Unión B',73),(1921,0,'2002-08-08','Pase de Equipo: ---- a Equipo : Cazadores ROJO',73),(1925,0,'2012-11-09','Pase de Equipo: ---- a Equipo : Sol Legislativo',73),(1929,0,'2012-03-30','Pase de Equipo: ---- a Equipo : Cazadores AZUL',73),(1933,0,'2007-07-19','Pase de Equipo: ---- a Equipo : Tacurú',73),(1937,0,'1999-04-07','Pase de Equipo: ---- a Equipo : Educación',73),(1941,0,'2007-12-03','Pase de Equipo: ---- a Equipo : CAPRI A',73),(1945,0,'2014-05-14','Pase de Equipo: ---- a Equipo : Crucero NERANJA',73),(1949,0,'2006-02-13','Pase de Equipo: ---- a Equipo : Unión B',73),(2402,0,'2015-04-23','Cuota correspondiente al mes de MAYO del año 2015',63),(2452,0,'2015-04-24','Cuota correspondiente al mes de ENERO del año 2015',64),(2454,0,'2015-04-24','Cuota correspondiente al mes de ENERO del año 2015',64),(2456,0,'2015-04-24','Cuota correspondiente al mes de ENERO del año 2015',64),(2458,0,'2015-04-24','Cuota correspondiente al mes de ENERO del año 2015',64),(2460,0,'2015-04-24','Cuota correspondiente al mes de ENERO del año 2015',64),(2462,0,'2015-04-24','Cuota correspondiente al mes de ENERO del año 2015',64),(2464,0,'2015-04-24','Cuota correspondiente al mes de ENERO del año 2015',64),(2466,0,'2015-04-24','Cuota correspondiente al mes de ENERO del año 2015',64),(2468,0,'2015-04-24','Cuota correspondiente al mes de ENERO del año 2015',64),(2470,0,'2015-04-24','Cuota correspondiente al mes de ENERO del año 2015',64),(2472,0,'2015-04-24','Cuota correspondiente al mes de ENERO del año 2015',64),(2474,0,'2015-04-24','Cuota correspondiente al mes de ENERO del año 2015',64),(2476,0,'2015-04-24','Cuota correspondiente al mes de ENERO del año 2015',64),(2478,0,'2015-04-24','Cuota correspondiente al mes de ENERO del año 2015',64),(2480,0,'2015-04-24','Cuota correspondiente al mes de ENERO del año 2015',64),(2482,0,'2015-04-24','Cuota correspondiente al mes de ENERO del año 2015',64),(2484,0,'2015-04-24','Cuota correspondiente al mes de ENERO del año 2015',64),(2486,0,'2015-04-24','Cuota correspondiente al mes de ENERO del año 2015',64),(2488,0,'2015-04-24','Cuota correspondiente al mes de ENERO del año 2015',64),(2490,0,'2015-04-24','Cuota correspondiente al mes de ENERO del año 2015',64),(2492,0,'2015-04-24','Cuota correspondiente al mes de ENERO del año 2015',64),(2494,0,'2015-04-24','Cuota correspondiente al mes de ENERO del año 2015',64),(2496,0,'2015-04-24','Cuota correspondiente al mes de ENERO del año 2015',64),(2498,0,'2015-04-24','Cuota correspondiente al mes de ENERO del año 2015',64),(2500,0,'2015-04-24','Cuota correspondiente al mes de ENERO del año 2015',64),(2502,0,'2015-04-24','Cuota correspondiente al mes de ENERO del año 2015',64),(2504,0,'2015-04-24','Cuota correspondiente al mes de ENERO del año 2015',64),(2506,0,'2015-04-24','Cuota correspondiente al mes de ENERO del año 2015',64),(2508,0,'2015-04-24','Cuota correspondiente al mes de ENERO del año 2015',64),(2510,0,'2015-04-24','Cuota correspondiente al mes de ENERO del año 2015',64),(2512,0,'2015-04-24','Cuota correspondiente al mes de ENERO del año 2015',64),(2514,0,'2015-04-24','Cuota correspondiente al mes de ENERO del año 2015',64),(2516,0,'2015-04-24','Cuota correspondiente al mes de ENERO del año 2015',64),(2518,0,'2015-04-24','Cuota correspondiente al mes de ENERO del año 2015',64),(2520,0,'2015-04-24','Cuota correspondiente al mes de ENERO del año 2015',64),(2522,0,'2015-04-24','Cuota correspondiente al mes de ENERO del año 2015',64),(2524,0,'2015-04-24','Cuota correspondiente al mes de ENERO del año 2015',64),(2526,0,'2015-04-24','Cuota correspondiente al mes de ENERO del año 2015',64),(2528,0,'2015-04-24','Cuota correspondiente al mes de ENERO del año 2015',64),(2530,0,'2015-04-24','Cuota correspondiente al mes de ENERO del año 2015',64),(2532,0,'2015-04-24','Cuota correspondiente al mes de ENERO del año 2015',64),(2534,0,'2015-04-24','Cuota correspondiente al mes de ENERO del año 2015',64),(2536,0,'2015-04-24','Cuota correspondiente al mes de ENERO del año 2015',64),(2538,0,'2015-04-24','Cuota correspondiente al mes de ENERO del año 2015',64),(2540,0,'2015-04-24','Cuota correspondiente al mes de ENERO del año 2015',64),(2542,0,'2015-04-24','Cuota correspondiente al mes de ENERO del año 2015',64),(2544,0,'2015-04-24','Cuota correspondiente al mes de ENERO del año 2015',64),(2546,0,'2015-04-24','Cuota correspondiente al mes de ENERO del año 2015',64),(2548,0,'2015-04-24','Cuota correspondiente al mes de ENERO del año 2015',64),(2550,0,'2015-04-24','Cuota correspondiente al mes de ENERO del año 2015',64),(2552,0,'2015-04-24','Cuota correspondiente al mes de ENERO del año 2015',64),(2554,0,'2015-04-24','Cuota correspondiente al mes de ENERO del año 2015',64),(2556,0,'2015-04-24','Cuota correspondiente al mes de ENERO del año 2015',64),(2558,0,'2015-04-24','Cuota correspondiente al mes de ENERO del año 2015',64),(2560,0,'2015-04-24','Cuota correspondiente al mes de ENERO del año 2015',64),(2562,0,'2015-04-24','Cuota correspondiente al mes de ENERO del año 2015',64),(2564,0,'2015-04-24','Cuota correspondiente al mes de ENERO del año 2015',64),(2566,0,'2015-04-24','Cuota correspondiente al mes de ENERO del año 2015',64),(2568,0,'2015-04-24','Cuota correspondiente al mes de ENERO del año 2015',64),(2570,0,'2015-04-24','Cuota correspondiente al mes de ENERO del año 2015',64),(2572,0,'2015-04-24','Cuota correspondiente al mes de ENERO del año 2015',64),(2574,0,'2015-04-24','Cuota correspondiente al mes de ENERO del año 2015',64),(2576,0,'2015-04-24','Cuota correspondiente al mes de ENERO del año 2015',64),(2578,0,'2015-04-24','Cuota correspondiente al mes de ENERO del año 2015',64),(2580,0,'2015-04-24','Cuota correspondiente al mes de ENERO del año 2015',64),(2582,0,'2015-04-24','Cuota correspondiente al mes de ENERO del año 2015',64),(2584,0,'2015-04-24','Cuota correspondiente al mes de ENERO del año 2015',64),(2586,0,'2015-04-24','Cuota correspondiente al mes de ENERO del año 2015',64),(2588,0,'2015-04-24','Cuota correspondiente al mes de ENERO del año 2015',64),(2590,0,'2015-04-24','Cuota correspondiente al mes de ENERO del año 2015',64),(2592,0,'2015-04-24','Cuota correspondiente al mes de ENERO del año 2015',64),(2594,0,'2015-04-24','Cuota correspondiente al mes de ENERO del año 2015',64),(2596,0,'2015-04-24','Cuota correspondiente al mes de ENERO del año 2015',64),(2598,0,'2015-04-24','Cuota correspondiente al mes de ENERO del año 2015',64),(2600,0,'2015-04-24','Cuota correspondiente al mes de ENERO del año 2015',64),(2602,0,'2015-04-24','Cuota correspondiente al mes de ENERO del año 2015',64),(2604,0,'2015-04-24','Cuota correspondiente al mes de ENERO del año 2015',64),(2606,0,'2015-04-24','Cuota correspondiente al mes de ENERO del año 2015',64),(2608,0,'2015-04-24','Cuota correspondiente al mes de ENERO del año 2015',64),(2610,0,'2015-04-24','Cuota correspondiente al mes de ENERO del año 2015',64),(2612,0,'2015-04-24','Cuota correspondiente al mes de ENERO del año 2015',64),(2614,0,'2015-04-24','Cuota correspondiente al mes de ENERO del año 2015',64),(2616,0,'2015-04-24','Cuota correspondiente al mes de ENERO del año 2015',64),(2618,0,'2015-04-24','Cuota correspondiente al mes de ENERO del año 2015',64),(2620,0,'2015-04-24','Cuota correspondiente al mes de ENERO del año 2015',64),(2622,0,'2015-04-24','Cuota correspondiente al mes de ENERO del año 2015',64),(2624,0,'2015-04-24','Cuota correspondiente al mes de ENERO del año 2015',64),(2626,0,'2015-04-24','Cuota correspondiente al mes de ENERO del año 2015',64),(2628,0,'2015-04-24','Cuota correspondiente al mes de ENERO del año 2015',64),(2630,0,'2015-04-24','Cuota correspondiente al mes de ENERO del año 2015',64),(2632,0,'2015-04-24','Cuota correspondiente al mes de ENERO del año 2015',64),(2634,0,'2015-04-24','Cuota correspondiente al mes de ENERO del año 2015',64),(2636,0,'2015-04-24','Cuota correspondiente al mes de ENERO del año 2015',64),(2638,0,'2015-04-24','Cuota correspondiente al mes de ENERO del año 2015',64),(2640,0,'2015-04-24','Cuota correspondiente al mes de ENERO del año 2015',64),(2642,0,'2015-04-24','Cuota correspondiente al mes de ENERO del año 2015',64),(2644,0,'2015-04-24','Cuota correspondiente al mes de ENERO del año 2015',64),(2646,0,'2015-04-24','Cuota correspondiente al mes de ENERO del año 2015',64),(2648,0,'2015-04-24','Cuota correspondiente al mes de ENERO del año 2015',64),(2650,0,'2015-04-24','Cuota correspondiente al mes de ENERO del año 2015',64),(2652,0,'2015-04-24','Cuota correspondiente al mes de ENERO del año 2015',64),(2654,0,'2015-04-24','Cuota correspondiente al mes de ENERO del año 2015',64),(2656,0,'2015-04-24','Cuota correspondiente al mes de ENERO del año 2015',64),(2658,0,'2015-04-24','Cuota correspondiente al mes de ENERO del año 2015',64),(2660,0,'2015-04-24','Cuota correspondiente al mes de ENERO del año 2015',64),(2662,0,'2015-04-24','Cuota correspondiente al mes de ENERO del año 2015',64),(2664,0,'2015-04-24','Cuota correspondiente al mes de ENERO del año 2015',64),(2666,0,'2015-04-24','Cuota correspondiente al mes de ENERO del año 2015',64),(2668,0,'2015-04-24','Cuota correspondiente al mes de ENERO del año 2015',64),(2670,0,'2015-04-24','Cuota correspondiente al mes de ENERO del año 2015',64),(2672,0,'2015-04-24','Cuota correspondiente al mes de ENERO del año 2015',64),(2674,0,'2015-04-24','Cuota correspondiente al mes de ENERO del año 2015',64),(2676,0,'2015-04-24','Cuota correspondiente al mes de ENERO del año 2015',64),(2678,0,'2015-04-24','Cuota correspondiente al mes de ENERO del año 2015',64),(2680,0,'2015-04-24','Cuota correspondiente al mes de ENERO del año 2015',64),(2682,0,'2015-04-24','Cuota correspondiente al mes de ENERO del año 2015',64),(2684,0,'2015-04-24','Cuota correspondiente al mes de ENERO del año 2015',64),(2686,0,'2015-04-24','Cuota correspondiente al mes de ENERO del año 2015',64),(2688,0,'2015-04-24','Cuota correspondiente al mes de ENERO del año 2015',64),(2690,0,'2015-04-24','Cuota correspondiente al mes de ENERO del año 2015',64),(2692,0,'2015-04-24','Cuota correspondiente al mes de ENERO del año 2015',64),(2694,0,'2015-04-24','Cuota correspondiente al mes de ENERO del año 2015',64),(2696,0,'2015-04-24','Cuota correspondiente al mes de ENERO del año 2015',64),(2698,0,'2015-04-24','Cuota correspondiente al mes de ENERO del año 2015',64),(2700,0,'2015-04-24','Cuota correspondiente al mes de ENERO del año 2015',64),(2702,0,'2015-04-24','Cuota correspondiente al mes de ENERO del año 2015',64),(2704,0,'2015-04-24','Cuota correspondiente al mes de ENERO del año 2015',64),(2706,0,'2015-04-24','Cuota correspondiente al mes de ENERO del año 2015',64),(2708,0,'2015-04-24','Cuota correspondiente al mes de ENERO del año 2015',64),(2710,0,'2015-04-24','Cuota correspondiente al mes de ENERO del año 2015',64),(2712,0,'2015-04-24','Cuota correspondiente al mes de ENERO del año 2015',64),(2714,0,'2015-04-24','Cuota correspondiente al mes de ENERO del año 2015',64),(2716,0,'2015-04-24','Cuota correspondiente al mes de ENERO del año 2015',64),(2718,0,'2015-04-24','Cuota correspondiente al mes de ENERO del año 2015',64),(2720,0,'2015-04-24','Cuota correspondiente al mes de ENERO del año 2015',64),(2722,0,'2015-04-24','Cuota correspondiente al mes de ENERO del año 2015',64),(2724,0,'2015-04-24','Cuota correspondiente al mes de ENERO del año 2015',64),(2726,0,'2015-04-24','Cuota correspondiente al mes de ENERO del año 2015',64),(2728,0,'2015-04-24','Cuota correspondiente al mes de ENERO del año 2015',64),(2730,0,'2015-04-24','Cuota correspondiente al mes de ENERO del año 2015',64),(2732,0,'2015-04-24','Cuota correspondiente al mes de ENERO del año 2015',64),(2734,0,'2015-04-24','Cuota correspondiente al mes de ENERO del año 2015',64),(2736,0,'2015-04-24','Cuota correspondiente al mes de ENERO del año 2015',64),(2738,0,'2015-04-24','Cuota correspondiente al mes de ENERO del año 2015',64),(2740,0,'2015-04-24','Cuota correspondiente al mes de ENERO del año 2015',64),(2742,0,'2015-04-24','Cuota correspondiente al mes de ENERO del año 2015',64),(2744,0,'2015-04-24','Cuota correspondiente al mes de ENERO del año 2015',64),(2746,0,'2015-04-24','Cuota correspondiente al mes de ENERO del año 2015',64),(2748,0,'2015-04-24','Cuota correspondiente al mes de ENERO del año 2015',64),(2750,0,'2015-04-24','Cuota correspondiente al mes de ENERO del año 2015',64),(2752,0,'2015-04-24','Cuota correspondiente al mes de ENERO del año 2015',64),(2754,0,'2015-04-24','Cuota correspondiente al mes de ENERO del año 2015',64),(2756,0,'2015-04-24','Cuota correspondiente al mes de ENERO del año 2015',64),(2758,0,'2015-04-24','Cuota correspondiente al mes de ENERO del año 2015',64),(2760,0,'2015-04-24','Cuota correspondiente al mes de ENERO del año 2015',64),(2762,0,'2015-04-24','Cuota correspondiente al mes de ENERO del año 2015',64),(2764,0,'2015-04-24','Cuota correspondiente al mes de ENERO del año 2015',64),(2766,0,'2015-04-24','Cuota correspondiente al mes de ENERO del año 2015',64),(2768,0,'2015-04-24','Cuota correspondiente al mes de ENERO del año 2015',64),(2770,0,'2015-04-24','Cuota correspondiente al mes de ENERO del año 2015',64),(2772,0,'2015-04-24','Cuota correspondiente al mes de ENERO del año 2015',64),(2774,0,'2015-04-24','Cuota correspondiente al mes de ENERO del año 2015',64),(2776,0,'2015-04-24','Cuota correspondiente al mes de ENERO del año 2015',64),(2778,0,'2015-04-24','Cuota correspondiente al mes de ENERO del año 2015',64),(2780,0,'2015-04-24','Cuota correspondiente al mes de ENERO del año 2015',64),(2782,0,'2015-04-24','Cuota correspondiente al mes de ENERO del año 2015',64),(2784,0,'2015-04-24','Cuota correspondiente al mes de ENERO del año 2015',64),(2786,0,'2015-04-24','Cuota correspondiente al mes de ENERO del año 2015',64),(2788,0,'2015-04-24','Cuota correspondiente al mes de ENERO del año 2015',64),(2790,0,'2015-04-24','Cuota correspondiente al mes de ENERO del año 2015',64),(2792,0,'2015-04-24','Cuota correspondiente al mes de ENERO del año 2015',64),(2794,0,'2015-04-24','Cuota correspondiente al mes de ENERO del año 2015',64),(2796,0,'2015-04-24','Cuota correspondiente al mes de ENERO del año 2015',64),(2798,0,'2015-04-24','Cuota correspondiente al mes de ENERO del año 2015',64),(2800,0,'2015-04-24','Cuota correspondiente al mes de ENERO del año 2015',64),(2802,0,'2015-04-24','Cuota correspondiente al mes de ENERO del año 2015',64),(2804,0,'2015-04-24','Cuota correspondiente al mes de ENERO del año 2015',64),(2806,0,'2015-04-24','Cuota correspondiente al mes de ENERO del año 2015',64),(2808,0,'2015-04-24','Cuota correspondiente al mes de ENERO del año 2015',64),(2810,0,'2015-04-24','Cuota correspondiente al mes de ENERO del año 2015',64),(2812,0,'2015-04-24','Cuota correspondiente al mes de ENERO del año 2015',64),(2814,0,'2015-04-24','Cuota correspondiente al mes de ENERO del año 2015',64),(2816,0,'2015-04-24','Cuota correspondiente al mes de ENERO del año 2015',64),(2818,0,'2015-04-24','Cuota correspondiente al mes de ENERO del año 2015',64),(2820,0,'2015-04-24','Cuota correspondiente al mes de ENERO del año 2015',64),(2822,0,'2015-04-24','Cuota correspondiente al mes de ENERO del año 2015',64),(2824,0,'2015-04-24','Cuota correspondiente al mes de ENERO del año 2015',64),(2826,0,'2015-04-24','Cuota correspondiente al mes de ENERO del año 2015',64),(2828,0,'2015-04-24','Cuota correspondiente al mes de ENERO del año 2015',64),(2830,0,'2015-04-24','Cuota correspondiente al mes de ENERO del año 2015',64),(2832,0,'2015-04-24','Cuota correspondiente al mes de ENERO del año 2015',64),(2834,0,'2015-04-24','Cuota correspondiente al mes de ENERO del año 2015',64),(2836,0,'2015-04-24','Cuota correspondiente al mes de ENERO del año 2015',64),(2838,0,'2015-04-24','Cuota correspondiente al mes de ENERO del año 2015',64),(2840,0,'2015-04-24','Cuota correspondiente al mes de ENERO del año 2015',64),(2842,0,'2015-04-24','Cuota correspondiente al mes de ENERO del año 2015',64),(2844,0,'2015-04-24','Cuota correspondiente al mes de ENERO del año 2015',64),(2846,0,'2015-04-24','Cuota correspondiente al mes de ENERO del año 2015',64),(2848,0,'2015-04-24','Cuota correspondiente al mes de ENERO del año 2015',64),(2850,0,'2015-04-24','Cuota correspondiente al mes de ENERO del año 2015',64),(2852,0,'2015-04-24','Cuota correspondiente al mes de ENERO del año 2015',64),(2854,0,'2015-04-24','Cuota correspondiente al mes de ENERO del año 2015',64),(2856,0,'2015-04-24','Cuota correspondiente al mes de ENERO del año 2015',64),(2858,0,'2015-04-24','Cuota correspondiente al mes de ENERO del año 2015',64),(2860,0,'2015-04-24','Cuota correspondiente al mes de ENERO del año 2015',64),(2862,0,'2015-04-24','Cuota correspondiente al mes de ENERO del año 2015',64),(2864,0,'2015-04-24','Cuota correspondiente al mes de ENERO del año 2015',64),(2866,0,'2015-04-24','Cuota correspondiente al mes de ENERO del año 2015',64),(2868,0,'2015-04-24','Cuota correspondiente al mes de ENERO del año 2015',64),(2870,0,'2015-04-24','Cuota correspondiente al mes de ENERO del año 2015',64),(2872,0,'2015-04-24','Cuota correspondiente al mes de ENERO del año 2015',64),(2874,0,'2015-04-24','Cuota correspondiente al mes de ENERO del año 2015',64),(2876,0,'2015-04-24','Cuota correspondiente al mes de ENERO del año 2015',64),(2878,0,'2015-04-24','Cuota correspondiente al mes de ENERO del año 2015',64),(2880,0,'2015-04-24','Cuota correspondiente al mes de ENERO del año 2015',64),(2882,0,'2015-04-24','Cuota correspondiente al mes de ENERO del año 2015',64),(2884,0,'2015-04-24','Cuota correspondiente al mes de ENERO del año 2015',64),(2886,0,'2015-04-24','Cuota correspondiente al mes de ENERO del año 2015',64),(2888,0,'2015-04-24','Cuota correspondiente al mes de ENERO del año 2015',64),(2890,0,'2015-04-24','Cuota correspondiente al mes de ENERO del año 2015',64),(2892,0,'2015-04-24','Cuota correspondiente al mes de ENERO del año 2015',64),(2894,0,'2015-04-24','Cuota correspondiente al mes de ENERO del año 2015',64),(2896,0,'2015-04-24','Cuota correspondiente al mes de ENERO del año 2015',64),(2898,0,'2015-04-24','Cuota correspondiente al mes de ENERO del año 2015',64),(2900,0,'2015-04-24','Cuota correspondiente al mes de ENERO del año 2015',64),(2902,0,'2015-04-24','Cuota correspondiente al mes de ENERO del año 2015',64),(2904,0,'2015-04-24','Cuota correspondiente al mes de ENERO del año 2015',64),(2906,0,'2015-04-24','Cuota correspondiente al mes de ENERO del año 2015',64),(2908,0,'2015-04-24','Cuota correspondiente al mes de ENERO del año 2015',64),(2910,0,'2015-04-24','Cuota correspondiente al mes de ENERO del año 2015',64),(2912,0,'2015-04-24','Cuota correspondiente al mes de ENERO del año 2015',64),(2914,0,'2015-04-24','Cuota correspondiente al mes de ENERO del año 2015',64),(2916,0,'2015-04-24','Cuota correspondiente al mes de ENERO del año 2015',64),(2918,0,'2015-04-24','Cuota correspondiente al mes de ENERO del año 2015',64),(2920,0,'2015-04-24','Cuota correspondiente al mes de ENERO del año 2015',64),(2922,0,'2015-04-24','Cuota correspondiente al mes de ENERO del año 2015',64),(2924,0,'2015-04-24','Cuota correspondiente al mes de ENERO del año 2015',64),(2926,0,'2015-04-24','Cuota correspondiente al mes de ENERO del año 2015',64),(2928,0,'2015-04-24','Cuota correspondiente al mes de ENERO del año 2015',64),(2930,0,'2015-04-24','Cuota correspondiente al mes de ENERO del año 2015',64),(2932,0,'2015-04-24','Cuota correspondiente al mes de ENERO del año 2015',64),(2934,0,'2015-04-24','Cuota correspondiente al mes de ENERO del año 2015',64),(2936,0,'2015-04-24','Cuota correspondiente al mes de ENERO del año 2015',64),(2938,0,'2015-04-24','Cuota correspondiente al mes de ENERO del año 2015',64),(2940,0,'2015-04-24','Cuota correspondiente al mes de ENERO del año 2015',64),(2942,0,'2015-04-24','Cuota correspondiente al mes de ENERO del año 2015',64),(2944,0,'2015-04-24','Cuota correspondiente al mes de ENERO del año 2015',64),(2946,0,'2015-04-24','Cuota correspondiente al mes de ENERO del año 2015',64),(2948,0,'2015-04-24','Cuota correspondiente al mes de ENERO del año 2015',64),(2950,0,'2015-04-24','Cuota correspondiente al mes de ENERO del año 2015',64),(2952,0,'2015-04-24','Cuota correspondiente al mes de ENERO del año 2015',64),(2954,0,'2015-04-24','Cuota correspondiente al mes de ENERO del año 2015',64),(2956,0,'2015-04-24','Cuota correspondiente al mes de ENERO del año 2015',64),(2958,0,'2015-04-24','Cuota correspondiente al mes de ENERO del año 2015',64),(2960,0,'2015-04-24','Cuota correspondiente al mes de ENERO del año 2015',64),(2962,0,'2015-04-24','Cuota correspondiente al mes de ENERO del año 2015',64),(2964,0,'2015-04-24','Cuota correspondiente al mes de ENERO del año 2015',64),(2966,0,'2015-04-24','Cuota correspondiente al mes de ENERO del año 2015',64),(2968,0,'2015-04-24','Cuota correspondiente al mes de ENERO del año 2015',64),(2970,0,'2015-04-24','Cuota correspondiente al mes de ENERO del año 2015',64),(2972,0,'2015-04-24','Cuota correspondiente al mes de ENERO del año 2015',64),(2974,0,'2015-04-24','Cuota correspondiente al mes de ENERO del año 2015',64),(2976,0,'2015-04-24','Cuota correspondiente al mes de ENERO del año 2015',64),(2978,0,'2015-04-24','Cuota correspondiente al mes de ENERO del año 2015',64),(2980,0,'2015-04-24','Cuota correspondiente al mes de ENERO del año 2015',64),(2982,0,'2015-04-24','Cuota correspondiente al mes de ENERO del año 2015',64),(2984,0,'2015-04-24','Cuota correspondiente al mes de ENERO del año 2015',64),(2986,0,'2015-04-24','Cuota correspondiente al mes de ENERO del año 2015',64),(2988,0,'2015-04-24','Cuota correspondiente al mes de ENERO del año 2015',64),(2990,0,'2015-04-24','Cuota correspondiente al mes de ENERO del año 2015',64),(2992,0,'2015-04-24','Cuota correspondiente al mes de ENERO del año 2015',64),(2994,0,'2015-04-24','Cuota correspondiente al mes de ENERO del año 2015',64),(2996,0,'2015-04-24','Cuota correspondiente al mes de ENERO del año 2015',64),(2998,0,'2015-04-24','Cuota correspondiente al mes de ENERO del año 2015',64),(3000,0,'2015-04-24','Cuota correspondiente al mes de ENERO del año 2015',64),(3002,0,'2015-04-24','Cuota correspondiente al mes de ENERO del año 2015',64),(3004,0,'2015-04-24','Cuota correspondiente al mes de ENERO del año 2015',64),(3006,0,'2015-04-24','Cuota correspondiente al mes de ENERO del año 2015',64),(3008,0,'2015-04-24','Cuota correspondiente al mes de ENERO del año 2015',64),(3010,0,'2015-04-24','Cuota correspondiente al mes de ENERO del año 2015',64),(3012,0,'2015-04-24','Cuota correspondiente al mes de ENERO del año 2015',64),(3014,0,'2015-04-24','Cuota correspondiente al mes de ENERO del año 2015',64),(3016,0,'2015-04-24','Cuota correspondiente al mes de ENERO del año 2015',64),(3018,0,'2015-04-24','Cuota correspondiente al mes de ENERO del año 2015',64),(3020,0,'2015-04-24','Cuota correspondiente al mes de ENERO del año 2015',64),(3022,0,'2015-04-24','Cuota correspondiente al mes de ENERO del año 2015',64),(3024,0,'2015-04-24','Cuota correspondiente al mes de ENERO del año 2015',64),(3026,0,'2015-04-24','Cuota correspondiente al mes de ENERO del año 2015',64),(3028,0,'2015-04-24','Cuota correspondiente al mes de ENERO del año 2015',64),(3030,0,'2015-04-24','Cuota correspondiente al mes de ENERO del año 2015',64),(3032,0,'2015-04-24','Cuota correspondiente al mes de ENERO del año 2015',64),(3034,0,'2015-04-24','Cuota correspondiente al mes de ENERO del año 2015',64),(3036,0,'2015-04-24','Cuota correspondiente al mes de ENERO del año 2015',64),(3038,0,'2015-04-24','Cuota correspondiente al mes de ENERO del año 2015',64),(3040,0,'2015-04-24','Cuota correspondiente al mes de ENERO del año 2015',64),(3042,0,'2015-04-24','Cuota correspondiente al mes de ENERO del año 2015',64),(3044,0,'2015-04-24','Cuota correspondiente al mes de ENERO del año 2015',64),(3046,0,'2015-04-24','Cuota correspondiente al mes de ENERO del año 2015',64),(3048,0,'2015-04-24','Cuota correspondiente al mes de ENERO del año 2015',64),(3050,0,'2015-04-24','Cuota correspondiente al mes de ENERO del año 2015',64),(3052,0,'2015-04-24','Cuota correspondiente al mes de ENERO del año 2015',64),(3054,0,'2015-04-24','Cuota correspondiente al mes de ENERO del año 2015',64),(3056,0,'2015-04-24','Cuota correspondiente al mes de ENERO del año 2015',64),(3058,0,'2015-04-24','Cuota correspondiente al mes de ENERO del año 2015',64),(3060,0,'2015-04-24','Cuota correspondiente al mes de ENERO del año 2015',64),(3062,0,'2015-04-24','Cuota correspondiente al mes de ENERO del año 2015',64),(3064,0,'2015-04-24','Cuota correspondiente al mes de ENERO del año 2015',64),(3066,0,'2015-04-24','Cuota correspondiente al mes de ENERO del año 2015',64),(3068,0,'2015-04-24','Cuota correspondiente al mes de ENERO del año 2015',64),(3070,0,'2015-04-24','Cuota correspondiente al mes de ENERO del año 2015',64),(3072,0,'2015-04-24','Cuota correspondiente al mes de ENERO del año 2015',64),(3074,0,'2015-04-24','Cuota correspondiente al mes de ENERO del año 2015',64),(3076,0,'2015-04-24','Cuota correspondiente al mes de ENERO del año 2015',64),(3078,0,'2015-04-24','Cuota correspondiente al mes de ENERO del año 2015',64),(3080,0,'2015-04-24','Cuota correspondiente al mes de ENERO del año 2015',64),(3082,0,'2015-04-24','Cuota correspondiente al mes de ENERO del año 2015',64),(3084,0,'2015-04-24','Cuota correspondiente al mes de ENERO del año 2015',64),(3086,0,'2015-04-24','Cuota correspondiente al mes de ENERO del año 2015',64),(3088,0,'2015-04-24','Cuota correspondiente al mes de ENERO del año 2015',64),(3090,0,'2015-04-24','Cuota correspondiente al mes de ENERO del año 2015',64),(3092,0,'2015-04-24','Cuota correspondiente al mes de ENERO del año 2015',64),(3094,0,'2015-04-24','Cuota correspondiente al mes de ENERO del año 2015',64),(3096,0,'2015-04-24','Cuota correspondiente al mes de ENERO del año 2015',64),(3098,0,'2015-04-24','Cuota correspondiente al mes de ENERO del año 2015',64),(3100,0,'2015-04-24','Cuota correspondiente al mes de ENERO del año 2015',64),(3102,0,'2015-04-24','Cuota correspondiente al mes de ENERO del año 2015',64),(3104,0,'2015-04-24','Cuota correspondiente al mes de ENERO del año 2015',64),(3106,0,'2015-04-24','Cuota correspondiente al mes de ENERO del año 2015',64),(3108,0,'2015-04-24','Cuota correspondiente al mes de ENERO del año 2015',64),(3110,0,'2015-04-24','Cuota correspondiente al mes de ENERO del año 2015',64),(3112,0,'2015-04-24','Cuota correspondiente al mes de ENERO del año 2015',64),(3114,0,'2015-04-24','Cuota correspondiente al mes de ENERO del año 2015',64),(3116,0,'2015-04-24','Cuota correspondiente al mes de ENERO del año 2015',64),(3118,0,'2015-04-24','Cuota correspondiente al mes de ENERO del año 2015',64),(3120,0,'2015-04-24','Cuota correspondiente al mes de ENERO del año 2015',64),(3122,0,'2015-04-24','Cuota correspondiente al mes de ENERO del año 2015',64),(3124,0,'2015-04-24','Cuota correspondiente al mes de ENERO del año 2015',64),(3126,0,'2015-04-24','Cuota correspondiente al mes de ENERO del año 2015',64),(3128,0,'2015-04-24','Cuota correspondiente al mes de ENERO del año 2015',64),(3130,0,'2015-04-24','Cuota correspondiente al mes de ENERO del año 2015',64),(3132,0,'2015-04-24','Cuota correspondiente al mes de ENERO del año 2015',64),(3134,0,'2015-04-24','Cuota correspondiente al mes de ENERO del año 2015',64),(3136,0,'2015-04-24','Cuota correspondiente al mes de ENERO del año 2015',64),(3138,0,'2015-04-24','Cuota correspondiente al mes de ENERO del año 2015',64),(3140,0,'2015-04-24','Cuota correspondiente al mes de ENERO del año 2015',64),(3142,0,'2015-04-24','Cuota correspondiente al mes de ENERO del año 2015',64),(3144,0,'2015-04-24','Cuota correspondiente al mes de ENERO del año 2015',64),(3146,0,'2015-04-24','Cuota correspondiente al mes de ENERO del año 2015',64),(3148,0,'2015-04-24','Cuota correspondiente al mes de ENERO del año 2015',64),(3150,0,'2015-04-24','Cuota correspondiente al mes de ENERO del año 2015',64),(3152,0,'2015-04-24','Cuota correspondiente al mes de ENERO del año 2015',64),(3154,0,'2015-04-24','Cuota correspondiente al mes de ENERO del año 2015',64),(3156,0,'2015-04-24','Cuota correspondiente al mes de ENERO del año 2015',64),(3158,0,'2015-04-24','Cuota correspondiente al mes de ENERO del año 2015',64),(3160,0,'2015-04-24','Cuota correspondiente al mes de ENERO del año 2015',64),(3162,0,'2015-04-24','Cuota correspondiente al mes de ENERO del año 2015',64),(3164,0,'2015-04-24','Cuota correspondiente al mes de ENERO del año 2015',64),(3166,0,'2015-04-24','Cuota correspondiente al mes de ENERO del año 2015',64),(3168,0,'2015-04-24','Cuota correspondiente al mes de ENERO del año 2015',64),(3170,0,'2015-04-24','Cuota correspondiente al mes de ENERO del año 2015',64),(3172,0,'2015-04-24','Cuota correspondiente al mes de ENERO del año 2015',64),(3174,0,'2015-04-24','Cuota correspondiente al mes de ENERO del año 2015',64),(3176,0,'2015-04-24','Cuota correspondiente al mes de ENERO del año 2015',64),(3178,0,'2015-04-24','Cuota correspondiente al mes de ENERO del año 2015',64),(3180,0,'2015-04-24','Cuota correspondiente al mes de ENERO del año 2015',64),(3182,0,'2015-04-24','Cuota correspondiente al mes de ENERO del año 2015',64),(3184,0,'2015-04-24','Cuota correspondiente al mes de ENERO del año 2015',64),(3186,0,'2015-04-24','Cuota correspondiente al mes de ENERO del año 2015',64),(3188,0,'2015-04-24','Cuota correspondiente al mes de ENERO del año 2015',64),(3190,0,'2015-04-24','Cuota correspondiente al mes de ENERO del año 2015',64),(3192,0,'2015-04-24','Cuota correspondiente al mes de ENERO del año 2015',64),(3194,0,'2015-04-24','Cuota correspondiente al mes de ENERO del año 2015',64),(3196,0,'2015-04-24','Cuota correspondiente al mes de ENERO del año 2015',64),(3198,0,'2015-04-24','Cuota correspondiente al mes de ENERO del año 2015',64),(3200,0,'2015-04-24','Cuota correspondiente al mes de ENERO del año 2015',64),(3254,0,'2015-05-12','',72),(3260,0,'2015-05-12','',74),(3264,0,'2015-05-12','',74),(3353,0,'2015-05-14','',73);
/*!40000 ALTER TABLE `deuda` ENABLE KEYS */;
UNLOCK TABLES;

--
-- Table structure for table `deuda_cuota`
--

DROP TABLE IF EXISTS `deuda_cuota`;
/*!40101 SET @saved_cs_client     = @@character_set_client */;
/*!40101 SET character_set_client = utf8 */;
CREATE TABLE `deuda_cuota` (
  `Deuda_IDDEUDA` bigint(20) NOT NULL,
  `cuotas_IDCUOTA` bigint(20) NOT NULL,
  PRIMARY KEY (`Deuda_IDDEUDA`,`cuotas_IDCUOTA`),
  KEY `FK_DEUDA_CUOTA_cuotas_IDCUOTA` (`cuotas_IDCUOTA`),
  CONSTRAINT `FK_DEUDA_CUOTA_Deuda_IDDEUDA` FOREIGN KEY (`Deuda_IDDEUDA`) REFERENCES `deuda` (`IDDEUDA`),
  CONSTRAINT `FK_DEUDA_CUOTA_cuotas_IDCUOTA` FOREIGN KEY (`cuotas_IDCUOTA`) REFERENCES `cuota` (`IDCUOTA`)
) ENGINE=InnoDB DEFAULT CHARSET=utf8;
/*!40101 SET character_set_client = @saved_cs_client */;

--
-- Dumping data for table `deuda_cuota`
--

LOCK TABLES `deuda_cuota` WRITE;
/*!40000 ALTER TABLE `deuda_cuota` DISABLE KEYS */;
INSERT INTO `deuda_cuota` VALUES (453,451),(457,455),(461,459),(465,463),(469,467),(473,471),(477,475),(481,479),(485,483),(489,487),(493,491),(497,495),(501,499),(505,503),(509,507),(513,511),(517,515),(521,519),(525,523),(529,527),(533,531),(537,535),(541,539),(545,543),(549,547),(553,551),(557,555),(561,559),(565,563),(569,567),(573,571),(577,575),(581,579),(585,583),(589,587),(593,591),(597,595),(601,599),(605,603),(609,607),(613,611),(617,615),(621,619),(625,623),(629,627),(633,631),(637,635),(641,639),(645,643),(649,647),(653,651),(657,655),(661,659),(665,663),(669,667),(673,671),(677,675),(681,679),(685,683),(689,687),(693,691),(697,695),(701,699),(705,703),(709,707),(713,711),(717,715),(721,719),(725,723),(729,727),(733,731),(737,735),(741,739),(745,743),(749,747),(753,751),(757,755),(761,759),(765,763),(769,767),(773,771),(777,775),(781,779),(785,783),(789,787),(793,791),(797,795),(801,799),(805,803),(809,807),(813,811),(817,815),(821,819),(825,823),(829,827),(833,831),(837,835),(841,839),(845,843),(849,847),(853,851),(857,855),(861,859),(865,863),(869,867),(873,871),(877,875),(881,879),(885,883),(889,887),(893,891),(897,895),(901,899),(905,903),(909,907),(913,911),(917,915),(921,919),(925,923),(929,927),(933,931),(937,935),(941,939),(945,943),(949,947),(953,951),(957,955),(961,959),(965,963),(969,967),(973,971),(977,975),(981,979),(985,983),(989,987),(993,991),(997,995),(1001,999),(1005,1003),(1009,1007),(1013,1011),(1017,1015),(1021,1019),(1025,1023),(1029,1027),(1033,1031),(1037,1035),(1041,1039),(1045,1043),(1049,1047),(1053,1051),(1057,1055),(1061,1059),(1065,1063),(1069,1067),(1073,1071),(1077,1075),(1081,1079),(1085,1083),(1089,1087),(1093,1091),(1097,1095),(1101,1099),(1105,1103),(1109,1107),(1113,1111),(1117,1115),(1121,1119),(1125,1123),(1129,1127),(1133,1131),(1137,1135),(1141,1139),(1145,1143),(1149,1147),(1153,1151),(1157,1155),(1161,1159),(1165,1163),(1169,1167),(1173,1171),(1177,1175),(1181,1179),(1185,1183),(1189,1187),(1193,1191),(1197,1195),(1201,1199),(1205,1203),(1209,1207),(1213,1211),(1217,1215),(1221,1219),(1225,1223),(1229,1227),(1233,1231),(1237,1235),(1241,1239),(1245,1243),(1249,1247),(1253,1251),(1257,1255),(1261,1259),(1265,1263),(1269,1267),(1273,1271),(1277,1275),(1281,1279),(1285,1283),(1289,1287),(1293,1291),(1297,1295),(1301,1299),(1305,1303),(1309,1307),(1313,1311),(1317,1315),(1321,1319),(1325,1323),(1329,1327),(1333,1331),(1337,1335),(1341,1339),(1345,1343),(1349,1347),(1353,1351),(1357,1355),(1361,1359),(1365,1363),(1369,1367),(1373,1371),(1377,1375),(1381,1379),(1385,1383),(1389,1387),(1393,1391),(1397,1395),(1401,1399),(1405,1403),(1409,1407),(1413,1411),(1417,1415),(1421,1419),(1425,1423),(1429,1427),(1433,1431),(1437,1435),(1441,1439),(1445,1443),(1449,1447),(1453,1451),(1457,1455),(1461,1459),(1465,1463),(1469,1467),(1473,1471),(1477,1475),(1481,1479),(1485,1483),(1489,1487),(1493,1491),(1497,1495),(1501,1499),(1505,1503),(1509,1507),(1513,1511),(1517,1515),(1521,1519),(1525,1523),(1529,1527),(1533,1531),(1537,1535),(1541,1539),(1545,1543),(1549,1547),(1553,1551),(1557,1555),(1561,1559),(1565,1563),(1569,1567),(1573,1571),(1577,1575),(1581,1579),(1585,1583),(1589,1587),(1593,1591),(1597,1595),(1601,1599),(1605,1603),(1609,1607),(1613,1611),(1617,1615),(1621,1619),(1625,1623),(1629,1627),(1633,1631),(1637,1635),(1641,1639),(1645,1643),(1649,1647),(1653,1651),(1657,1655),(1661,1659),(1665,1663),(1669,1667),(1673,1671),(1677,1675),(1681,1679),(1685,1683),(1689,1687),(1693,1691),(1697,1695),(1701,1699),(1705,1703),(1709,1707),(1713,1711),(1717,1715),(1721,1719),(1725,1723),(1729,1727),(1733,1731),(1737,1735),(1741,1739),(1745,1743),(1749,1747),(1753,1751),(1757,1755),(1761,1759),(1765,1763),(1769,1767),(1773,1771),(1777,1775),(1781,1779),(1785,1783),(1789,1787),(1793,1791),(1797,1795),(1801,1799),(1805,1803),(1809,1807),(1813,1811),(1817,1815),(1821,1819),(1825,1823),(1829,1827),(1833,1831),(1837,1835),(1841,1839),(1845,1843),(1849,1847),(1853,1851),(1857,1855),(1861,1859),(1865,1863),(1869,1867),(1873,1871),(1877,1875),(1881,1879),(1885,1883),(1889,1887),(1893,1891),(1897,1895),(1901,1899),(1905,1903),(1909,1907),(1913,1911),(1917,1915),(1921,1919),(1925,1923),(1929,1927),(1933,1931),(1937,1935),(1941,1939),(1945,1943),(1949,1947),(2402,2401),(2452,2451),(2454,2453),(2456,2455),(2458,2457),(2460,2459),(2462,2461),(2464,2463),(2466,2465),(2468,2467),(2470,2469),(2472,2471),(2474,2473),(2476,2475),(2478,2477),(2480,2479),(2482,2481),(2484,2483),(2486,2485),(2488,2487),(2490,2489),(2492,2491),(2494,2493),(2496,2495),(2498,2497),(2500,2499),(2502,2501),(2504,2503),(2506,2505),(2508,2507),(2510,2509),(2512,2511),(2514,2513),(2516,2515),(2518,2517),(2520,2519),(2522,2521),(2524,2523),(2526,2525),(2528,2527),(2530,2529),(2532,2531),(2534,2533),(2536,2535),(2538,2537),(2540,2539),(2542,2541),(2544,2543),(2546,2545),(2548,2547),(2550,2549),(2552,2551),(2554,2553),(2556,2555),(2558,2557),(2560,2559),(2562,2561),(2564,2563),(2566,2565),(2568,2567),(2570,2569),(2572,2571),(2574,2573),(2576,2575),(2578,2577),(2580,2579),(2582,2581),(2584,2583),(2586,2585),(2588,2587),(2590,2589),(2592,2591),(2594,2593),(2596,2595),(2598,2597),(2600,2599),(2602,2601),(2604,2603),(2606,2605),(2608,2607),(2610,2609),(2612,2611),(2614,2613),(2616,2615),(2618,2617),(2620,2619),(2622,2621),(2624,2623),(2626,2625),(2628,2627),(2630,2629),(2632,2631),(2634,2633),(2636,2635),(2638,2637),(2640,2639),(2642,2641),(2644,2643),(2646,2645),(2648,2647),(2650,2649),(2652,2651),(2654,2653),(2656,2655),(2658,2657),(2660,2659),(2662,2661),(2664,2663),(2666,2665),(2668,2667),(2670,2669),(2672,2671),(2674,2673),(2676,2675),(2678,2677),(2680,2679),(2682,2681),(2684,2683),(2686,2685),(2688,2687),(2690,2689),(2692,2691),(2694,2693),(2696,2695),(2698,2697),(2700,2699),(2702,2701),(2704,2703),(2706,2705),(2708,2707),(2710,2709),(2712,2711),(2714,2713),(2716,2715),(2718,2717),(2720,2719),(2722,2721),(2724,2723),(2726,2725),(2728,2727),(2730,2729),(2732,2731),(2734,2733),(2736,2735),(2738,2737),(2740,2739),(2742,2741),(2744,2743),(2746,2745),(2748,2747),(2750,2749),(2752,2751),(2754,2753),(2756,2755),(2758,2757),(2760,2759),(2762,2761),(2764,2763),(2766,2765),(2768,2767),(2770,2769),(2772,2771),(2774,2773),(2776,2775),(2778,2777),(2780,2779),(2782,2781),(2784,2783),(2786,2785),(2788,2787),(2790,2789),(2792,2791),(2794,2793),(2796,2795),(2798,2797),(2800,2799),(2802,2801),(2804,2803),(2806,2805),(2808,2807),(2810,2809),(2812,2811),(2814,2813),(2816,2815),(2818,2817),(2820,2819),(2822,2821),(2824,2823),(2826,2825),(2828,2827),(2830,2829),(2832,2831),(2834,2833),(2836,2835),(2838,2837),(2840,2839),(2842,2841),(2844,2843),(2846,2845),(2848,2847),(2850,2849),(2852,2851),(2854,2853),(2856,2855),(2858,2857),(2860,2859),(2862,2861),(2864,2863),(2866,2865),(2868,2867),(2870,2869),(2872,2871),(2874,2873),(2876,2875),(2878,2877),(2880,2879),(2882,2881),(2884,2883),(2886,2885),(2888,2887),(2890,2889),(2892,2891),(2894,2893),(2896,2895),(2898,2897),(2900,2899),(2902,2901),(2904,2903),(2906,2905),(2908,2907),(2910,2909),(2912,2911),(2914,2913),(2916,2915),(2918,2917),(2920,2919),(2922,2921),(2924,2923),(2926,2925),(2928,2927),(2930,2929),(2932,2931),(2934,2933),(2936,2935),(2938,2937),(2940,2939),(2942,2941),(2944,2943),(2946,2945),(2948,2947),(2950,2949),(2952,2951),(2954,2953),(2956,2955),(2958,2957),(2960,2959),(2962,2961),(2964,2963),(2966,2965),(2968,2967),(2970,2969),(2972,2971),(2974,2973),(2976,2975),(2978,2977),(2980,2979),(2982,2981),(2984,2983),(2986,2985),(2988,2987),(2990,2989),(2992,2991),(2994,2993),(2996,2995),(2998,2997),(3000,2999),(3002,3001),(3004,3003),(3006,3005),(3008,3007),(3010,3009),(3012,3011),(3014,3013),(3016,3015),(3018,3017),(3020,3019),(3022,3021),(3024,3023),(3026,3025),(3028,3027),(3030,3029),(3032,3031),(3034,3033),(3036,3035),(3038,3037),(3040,3039),(3042,3041),(3044,3043),(3046,3045),(3048,3047),(3050,3049),(3052,3051),(3054,3053),(3056,3055),(3058,3057),(3060,3059),(3062,3061),(3064,3063),(3066,3065),(3068,3067),(3070,3069),(3072,3071),(3074,3073),(3076,3075),(3078,3077),(3080,3079),(3082,3081),(3084,3083),(3086,3085),(3088,3087),(3090,3089),(3092,3091),(3094,3093),(3096,3095),(3098,3097),(3100,3099),(3102,3101),(3104,3103),(3106,3105),(3108,3107),(3110,3109),(3112,3111),(3114,3113),(3116,3115),(3118,3117),(3120,3119),(3122,3121),(3124,3123),(3126,3125),(3128,3127),(3130,3129),(3132,3131),(3134,3133),(3136,3135),(3138,3137),(3140,3139),(3142,3141),(3144,3143),(3146,3145),(3148,3147),(3150,3149),(3152,3151),(3154,3153),(3156,3155),(3158,3157),(3160,3159),(3162,3161),(3164,3163),(3166,3165),(3168,3167),(3170,3169),(3172,3171),(3174,3173),(3176,3175),(3178,3177),(3180,3179),(3182,3181),(3184,3183),(3186,3185),(3188,3187),(3190,3189),(3192,3191),(3194,3193),(3196,3195),(3198,3197),(3200,3199),(3254,3252),(3254,3253),(3260,3255),(3260,3256),(3260,3257),(3260,3258),(3260,3259),(3264,3262),(3264,3263),(3353,3351),(3353,3352);
/*!40000 ALTER TABLE `deuda_cuota` ENABLE KEYS */;
UNLOCK TABLES;

--
-- Table structure for table `egreso`
--

DROP TABLE IF EXISTS `egreso`;
/*!40101 SET @saved_cs_client     = @@character_set_client */;
/*!40101 SET character_set_client = utf8 */;
CREATE TABLE `egreso` (
  `IDEGRESO` bigint(20) NOT NULL,
  `BORRADOLOGICO` tinyint(1) DEFAULT '0',
  `FECHA` date DEFAULT NULL,
  `MONTO` double DEFAULT NULL,
  `OBSERVACION` varchar(1000) DEFAULT NULL,
  `UNCONCEPTOEGRESO_IDCONCEPTOEGRESO` bigint(20) DEFAULT NULL,
  PRIMARY KEY (`IDEGRESO`),
  KEY `FK_EGRESO_UNCONCEPTOEGRESO_IDCONCEPTOEGRESO` (`UNCONCEPTOEGRESO_IDCONCEPTOEGRESO`),
  CONSTRAINT `FK_EGRESO_UNCONCEPTOEGRESO_IDCONCEPTOEGRESO` FOREIGN KEY (`UNCONCEPTOEGRESO_IDCONCEPTOEGRESO`) REFERENCES `conceptoegreso` (`IDCONCEPTOEGRESO`)
) ENGINE=InnoDB DEFAULT CHARSET=utf8;
/*!40101 SET character_set_client = @saved_cs_client */;

--
-- Dumping data for table `egreso`
--

LOCK TABLES `egreso` WRITE;
/*!40000 ALTER TABLE `egreso` DISABLE KEYS */;
/*!40000 ALTER TABLE `egreso` ENABLE KEYS */;
UNLOCK TABLES;

--
-- Table structure for table `equipo`
--

DROP TABLE IF EXISTS `equipo`;
/*!40101 SET @saved_cs_client     = @@character_set_client */;
/*!40101 SET character_set_client = utf8 */;
CREATE TABLE `equipo` (
  `IDEQUIPO` bigint(20) NOT NULL,
  `BORRADOLOGICO` tinyint(1) DEFAULT '0',
  `NOMBRE` varchar(255) DEFAULT NULL,
  `UNAYUDANTECAMPO_DNI` bigint(20) DEFAULT NULL,
  `UNDT_DNI` bigint(20) DEFAULT NULL,
  `UNPREPARADORFISICO_DNI` bigint(20) DEFAULT NULL,
  `UNACAPITANA_DNI` bigint(20) DEFAULT NULL,
  `UNACAPITANASUPLENTE_DNI` bigint(20) DEFAULT NULL,
  `UNADELEGADA_DNI` bigint(20) DEFAULT NULL,
  `UNADELEGADASUPLENTE_DNI` bigint(20) DEFAULT NULL,
  PRIMARY KEY (`IDEQUIPO`),
  KEY `FK_EQUIPO_UNADELEGADASUPLENTE_DNI` (`UNADELEGADASUPLENTE_DNI`),
  KEY `FK_EQUIPO_UNADELEGADA_DNI` (`UNADELEGADA_DNI`),
  KEY `FK_EQUIPO_UNDT_DNI` (`UNDT_DNI`),
  KEY `FK_EQUIPO_UNPREPARADORFISICO_DNI` (`UNPREPARADORFISICO_DNI`),
  KEY `FK_EQUIPO_UNACAPITANA_DNI` (`UNACAPITANA_DNI`),
  KEY `FK_EQUIPO_UNAYUDANTECAMPO_DNI` (`UNAYUDANTECAMPO_DNI`),
  KEY `FK_EQUIPO_UNACAPITANASUPLENTE_DNI` (`UNACAPITANASUPLENTE_DNI`),
  CONSTRAINT `FK_EQUIPO_UNACAPITANASUPLENTE_DNI` FOREIGN KEY (`UNACAPITANASUPLENTE_DNI`) REFERENCES `socia` (`DNI`),
  CONSTRAINT `FK_EQUIPO_UNACAPITANA_DNI` FOREIGN KEY (`UNACAPITANA_DNI`) REFERENCES `socia` (`DNI`),
  CONSTRAINT `FK_EQUIPO_UNADELEGADASUPLENTE_DNI` FOREIGN KEY (`UNADELEGADASUPLENTE_DNI`) REFERENCES `socia` (`DNI`),
  CONSTRAINT `FK_EQUIPO_UNADELEGADA_DNI` FOREIGN KEY (`UNADELEGADA_DNI`) REFERENCES `socia` (`DNI`),
  CONSTRAINT `FK_EQUIPO_UNAYUDANTECAMPO_DNI` FOREIGN KEY (`UNAYUDANTECAMPO_DNI`) REFERENCES `personaauxiliar` (`DNI`),
  CONSTRAINT `FK_EQUIPO_UNDT_DNI` FOREIGN KEY (`UNDT_DNI`) REFERENCES `personaauxiliar` (`DNI`),
  CONSTRAINT `FK_EQUIPO_UNPREPARADORFISICO_DNI` FOREIGN KEY (`UNPREPARADORFISICO_DNI`) REFERENCES `personaauxiliar` (`DNI`)
) ENGINE=InnoDB DEFAULT CHARSET=utf8;
/*!40101 SET character_set_client = @saved_cs_client */;

--
-- Dumping data for table `equipo`
--

LOCK TABLES `equipo` WRITE;
/*!40000 ALTER TABLE `equipo` DISABLE KEYS */;
INSERT INTO `equipo` VALUES (1,0,'Camionero',NULL,29665741,NULL,NULL,NULL,NULL,NULL),(2,0,'CAPRI A',NULL,30251132,NULL,NULL,NULL,NULL,NULL),(3,0,'CAPRI B',NULL,28745663,NULL,NULL,NULL,NULL,NULL),(4,0,'CAPRI C',NULL,24558997,NULL,NULL,NULL,NULL,NULL),(5,0,'Cazadores A',NULL,27633987,NULL,NULL,NULL,NULL,NULL),(6,0,'Cazadores AZUL',NULL,28996332,NULL,NULL,NULL,NULL,NULL),(7,0,'Cazadores ROJO',NULL,28996333,NULL,NULL,NULL,NULL,NULL),(8,0,'Crucero AMARILLO',NULL,28996334,NULL,NULL,NULL,NULL,NULL),(9,0,'Crucero NERANJA',NULL,28996335,NULL,NULL,NULL,NULL,NULL),(10,0,'Educación',NULL,28996336,NULL,NULL,NULL,NULL,NULL),(11,0,'Guaraní',NULL,28996337,NULL,NULL,NULL,NULL,NULL),(12,0,'La Picada',NULL,28996338,NULL,NULL,NULL,NULL,NULL),(13,0,'Legislativo',NULL,28996339,NULL,NULL,NULL,NULL,NULL),(14,0,'Nuevo Legislativo',NULL,28996340,NULL,NULL,NULL,NULL,NULL),(15,0,'Sol Legislativo',NULL,28996341,NULL,NULL,NULL,NULL,NULL),(16,0,'Camara Legislativa',NULL,28996342,NULL,NULL,NULL,NULL,NULL),(17,0,'Legislativo B',NULL,28996343,NULL,NULL,NULL,NULL,NULL),(18,0,'Luz y Fuerza',NULL,28996344,NULL,NULL,NULL,NULL,NULL),(19,0,'Mitre',NULL,28996345,NULL,NULL,NULL,NULL,NULL),(20,0,'Pira Pyta Pota',NULL,28996346,NULL,NULL,NULL,NULL,NULL),(21,0,'Tacurú',NULL,28996347,NULL,NULL,NULL,NULL,NULL),(22,0,'Ucraniano',NULL,28996348,NULL,NULL,NULL,NULL,NULL),(23,0,'Unión A',NULL,28996349,NULL,NULL,NULL,NULL,NULL),(24,0,'Unión B',NULL,28996350,NULL,NULL,NULL,NULL,NULL),(25,0,'Ytá',NULL,28996351,NULL,NULL,NULL,NULL,NULL);
/*!40000 ALTER TABLE `equipo` ENABLE KEYS */;
UNLOCK TABLES;

--
-- Table structure for table `equipo_deuda`
--

DROP TABLE IF EXISTS `equipo_deuda`;
/*!40101 SET @saved_cs_client     = @@character_set_client */;
/*!40101 SET character_set_client = utf8 */;
CREATE TABLE `equipo_deuda` (
  `Equipo_IDEQUIPO` bigint(20) NOT NULL,
  `deudas_IDDEUDA` bigint(20) NOT NULL,
  PRIMARY KEY (`Equipo_IDEQUIPO`,`deudas_IDDEUDA`),
  KEY `FK_EQUIPO_DEUDA_deudas_IDDEUDA` (`deudas_IDDEUDA`),
  CONSTRAINT `FK_EQUIPO_DEUDA_Equipo_IDEQUIPO` FOREIGN KEY (`Equipo_IDEQUIPO`) REFERENCES `equipo` (`IDEQUIPO`),
  CONSTRAINT `FK_EQUIPO_DEUDA_deudas_IDDEUDA` FOREIGN KEY (`deudas_IDDEUDA`) REFERENCES `deuda` (`IDDEUDA`)
) ENGINE=InnoDB DEFAULT CHARSET=utf8;
/*!40101 SET character_set_client = @saved_cs_client */;

--
-- Dumping data for table `equipo_deuda`
--

LOCK TABLES `equipo_deuda` WRITE;
/*!40000 ALTER TABLE `equipo_deuda` DISABLE KEYS */;
/*!40000 ALTER TABLE `equipo_deuda` ENABLE KEYS */;
UNLOCK TABLES;

--
-- Table structure for table `equipo_indumentaria`
--

DROP TABLE IF EXISTS `equipo_indumentaria`;
/*!40101 SET @saved_cs_client     = @@character_set_client */;
/*!40101 SET character_set_client = utf8 */;
CREATE TABLE `equipo_indumentaria` (
  `Equipo_IDEQUIPO` bigint(20) NOT NULL,
  `indumentarias_IDINDUMENTARIA` bigint(20) NOT NULL,
  PRIMARY KEY (`Equipo_IDEQUIPO`,`indumentarias_IDINDUMENTARIA`),
  KEY `EQUIPO_INDUMENTARIA_indumentarias_IDINDUMENTARIA` (`indumentarias_IDINDUMENTARIA`),
  CONSTRAINT `EQUIPO_INDUMENTARIA_indumentarias_IDINDUMENTARIA` FOREIGN KEY (`indumentarias_IDINDUMENTARIA`) REFERENCES `indumentaria` (`IDINDUMENTARIA`),
  CONSTRAINT `FK_EQUIPO_INDUMENTARIA_Equipo_IDEQUIPO` FOREIGN KEY (`Equipo_IDEQUIPO`) REFERENCES `equipo` (`IDEQUIPO`)
) ENGINE=InnoDB DEFAULT CHARSET=utf8;
/*!40101 SET character_set_client = @saved_cs_client */;

--
-- Dumping data for table `equipo_indumentaria`
--

LOCK TABLES `equipo_indumentaria` WRITE;
/*!40000 ALTER TABLE `equipo_indumentaria` DISABLE KEYS */;
/*!40000 ALTER TABLE `equipo_indumentaria` ENABLE KEYS */;
UNLOCK TABLES;

--
-- Table structure for table `equipo_planillapago`
--

DROP TABLE IF EXISTS `equipo_planillapago`;
/*!40101 SET @saved_cs_client     = @@character_set_client */;
/*!40101 SET character_set_client = utf8 */;
CREATE TABLE `equipo_planillapago` (
  `Equipo_IDEQUIPO` bigint(20) NOT NULL,
  `planillasPagos_ID` bigint(20) NOT NULL,
  PRIMARY KEY (`Equipo_IDEQUIPO`,`planillasPagos_ID`),
  KEY `FK_EQUIPO_PLANILLAPAGO_planillasPagos_ID` (`planillasPagos_ID`),
  CONSTRAINT `FK_EQUIPO_PLANILLAPAGO_Equipo_IDEQUIPO` FOREIGN KEY (`Equipo_IDEQUIPO`) REFERENCES `equipo` (`IDEQUIPO`),
  CONSTRAINT `FK_EQUIPO_PLANILLAPAGO_planillasPagos_ID` FOREIGN KEY (`planillasPagos_ID`) REFERENCES `planillapago` (`ID`)
) ENGINE=InnoDB DEFAULT CHARSET=utf8;
/*!40101 SET character_set_client = @saved_cs_client */;

--
-- Dumping data for table `equipo_planillapago`
--

LOCK TABLES `equipo_planillapago` WRITE;
/*!40000 ALTER TABLE `equipo_planillapago` DISABLE KEYS */;
/*!40000 ALTER TABLE `equipo_planillapago` ENABLE KEYS */;
UNLOCK TABLES;

--
-- Table structure for table `equipo_sanciontribunal`
--

DROP TABLE IF EXISTS `equipo_sanciontribunal`;
/*!40101 SET @saved_cs_client     = @@character_set_client */;
/*!40101 SET character_set_client = utf8 */;
CREATE TABLE `equipo_sanciontribunal` (
  `Equipo_IDEQUIPO` bigint(20) NOT NULL,
  `sancionesTribunal_IDSANCIONTRIBUNAL` bigint(20) NOT NULL,
  PRIMARY KEY (`Equipo_IDEQUIPO`,`sancionesTribunal_IDSANCIONTRIBUNAL`),
  KEY `QPOSANCIONTRIBUNALsnconesTribunalIDSANCIONTRIBUNAL` (`sancionesTribunal_IDSANCIONTRIBUNAL`),
  CONSTRAINT `FK_EQUIPO_SANCIONTRIBUNAL_Equipo_IDEQUIPO` FOREIGN KEY (`Equipo_IDEQUIPO`) REFERENCES `equipo` (`IDEQUIPO`),
  CONSTRAINT `QPOSANCIONTRIBUNALsnconesTribunalIDSANCIONTRIBUNAL` FOREIGN KEY (`sancionesTribunal_IDSANCIONTRIBUNAL`) REFERENCES `sanciontribunal` (`IDSANCIONTRIBUNAL`)
) ENGINE=InnoDB DEFAULT CHARSET=utf8;
/*!40101 SET character_set_client = @saved_cs_client */;

--
-- Dumping data for table `equipo_sanciontribunal`
--

LOCK TABLES `equipo_sanciontribunal` WRITE;
/*!40000 ALTER TABLE `equipo_sanciontribunal` DISABLE KEYS */;
/*!40000 ALTER TABLE `equipo_sanciontribunal` ENABLE KEYS */;
UNLOCK TABLES;

--
-- Table structure for table `equipo_socia`
--

DROP TABLE IF EXISTS `equipo_socia`;
/*!40101 SET @saved_cs_client     = @@character_set_client */;
/*!40101 SET character_set_client = utf8 */;
CREATE TABLE `equipo_socia` (
  `Equipo_IDEQUIPO` bigint(20) NOT NULL,
  `plantel_DNI` bigint(20) NOT NULL,
  PRIMARY KEY (`Equipo_IDEQUIPO`,`plantel_DNI`),
  KEY `FK_EQUIPO_SOCIA_plantel_DNI` (`plantel_DNI`),
  CONSTRAINT `FK_EQUIPO_SOCIA_Equipo_IDEQUIPO` FOREIGN KEY (`Equipo_IDEQUIPO`) REFERENCES `equipo` (`IDEQUIPO`),
  CONSTRAINT `FK_EQUIPO_SOCIA_plantel_DNI` FOREIGN KEY (`plantel_DNI`) REFERENCES `socia` (`DNI`)
) ENGINE=InnoDB DEFAULT CHARSET=utf8;
/*!40101 SET character_set_client = @saved_cs_client */;

--
-- Dumping data for table `equipo_socia`
--

LOCK TABLES `equipo_socia` WRITE;
/*!40000 ALTER TABLE `equipo_socia` DISABLE KEYS */;
INSERT INTO `equipo_socia` VALUES (11,5917598),(13,6074300),(25,10534228),(14,10639418),(10,10955361),(4,11392148),(17,11399982),(3,11479299),(12,11479449),(12,11635309),(6,11661464),(16,11694515),(13,12296490),(13,12637259),(16,12637417),(12,12852501),(12,12898395),(3,12956647),(18,13004758),(25,13005252),(12,13005781),(3,13005891),(13,13005993),(18,13013763),(6,13248833),(10,13350813),(18,13421303),(4,13558172),(20,13658522),(21,13867641),(17,13897862),(20,13957943),(2,14181471),(13,14194183),(3,14209322),(17,14258039),(15,14258752),(20,14301412),(18,14335266),(4,14335484),(4,14469013),(20,14551343),(18,14713298),(5,14745833),(9,14745996),(5,14826658),(13,14826696),(21,14911492),(5,14926497),(16,14946666),(24,14946893),(17,14957513),(16,14960101),(14,14986595),(1,16163272),(20,16205157),(3,16356400),(11,16365101),(2,16365171),(14,16365251),(11,16367471),(4,16563703),(8,16650419),(17,16695422),(8,16695464),(8,16695503),(12,16695780),(14,16696948),(7,16829403),(21,16853984),(14,16871076),(10,16944749),(13,16986200),(8,16993353),(19,17039784),(10,17064155),(20,17093025),(19,17135365),(5,17135398),(15,17164587),(12,17170689),(24,17170744),(13,17216632),(25,17299811),(23,17312131),(17,17369473),(7,17378032),(13,17525644),(12,17525767),(24,17562547),(13,17562559),(3,17604599),(5,17630446),(14,17652488),(25,17675809),(23,17751922),(6,17760877),(23,17760927),(23,17773508),(4,17814471),(15,17831378),(2,17905182),(12,17952248),(5,17980404),(10,17980484),(17,18063802),(3,18095622),(8,18095845),(2,18180848),(18,18265145),(18,18290431),(20,18308518),(13,18438573),(10,18464360),(24,18465156),(10,18546184),(19,18683582),(5,18694386),(6,18701304),(14,18767528),(13,18776248),(16,18793716),(5,18801405),(3,20117775),(9,20117813),(25,20175929),(11,20186811),(13,20290582),(5,20338247),(5,20338614),(1,20338642),(6,20476201),(3,20484881),(2,20495953),(4,20500992),(11,20518423),(13,20545757),(1,20578722),(23,20629246),(11,20737427),(17,20815489),(19,20899640),(24,20907159),(24,20939295),(16,21180225),(25,21182875),(13,21300349),(5,21300428),(14,21301810),(10,21302821),(11,21303869),(6,21304070),(6,21305751),(21,21365232),(23,21546890),(21,21562507),(20,21598339),(6,21634884),(14,21660785),(13,21684508),(5,21723344),(4,21723721),(18,21775640),(16,21781027),(18,21781619),(22,21781681),(9,21781725),(19,21793705),(18,21974458),(18,21976884),(24,22040318),(5,22090129),(2,22090330),(14,22090333),(25,22090400),(12,22141132),(6,22141155),(11,22351819),(7,22351900),(12,22352199),(4,22485728),(11,22488411),(21,22488625),(8,22488745),(3,22508922),(16,22539277),(7,22662681),(24,22692609),(12,22737993),(23,22738113),(6,22814059),(10,22835570),(15,22835678),(5,22835931),(4,22836855),(24,22870686),(20,22944957),(4,23035827),(16,23066520),(14,23096336),(19,23096644),(16,23170837),(12,23207943),(2,23338376),(15,23349910),(14,23383304),(15,23383428),(2,23430610),(6,23468003),(3,23482663),(17,23546861),(7,23675117),(22,23675136),(2,23675148),(9,23675260),(19,23675431),(11,23690040),(4,23690119),(18,23737897),(24,23900628),(24,23901844),(7,23910719),(16,23951159),(21,23951555),(8,23951570),(21,24076719),(20,24090590),(8,24118105),(16,24130561),(13,24130661),(8,24131387),(23,24143117),(21,24143256),(14,24294655),(4,24294858),(15,24389202),(18,24485566),(6,24509951),(5,24516692),(23,24572255),(20,24572310),(4,24573249),(7,24573403),(2,24573604),(5,24600324),(14,24601104),(7,24601250),(2,24601563),(20,24601655),(7,24601704),(6,24644783),(25,24679829),(8,24679887),(13,24709560),(14,24769433),(16,24835945),(2,24865425),(17,24903025),(17,24932200),(12,24937904),(3,24985441),(23,24985506),(19,24989460),(19,25019526),(25,25066453),(3,25159104),(25,25192099),(20,25201554),(15,25231594),(3,25313007),(17,25316907),(8,25322125),(6,25340444),(7,25428447),(16,25450204),(16,25450265),(8,25489363),(22,25489484),(10,25535836),(9,25758210),(16,25767251),(8,25774560),(3,25860834),(24,25894270),(5,25895655),(10,25985040),(6,26082506),(25,26286013),(18,26286171),(9,26292240),(5,26292622),(10,26425752),(17,26447307),(17,26546441),(22,26578164),(15,26606894),(6,26623490),(10,26754871),(2,26776185),(24,26776882),(20,26849016),(1,26853222),(24,27054164),(9,27116817),(1,27200223),(9,27205305),(14,27221986),(21,27233372),(18,27233664),(4,27257937),(25,27366789),(8,27433794),(10,27433797),(5,27456218),(1,27456856),(18,27470356),(7,27504424),(18,27554105),(3,27574610),(20,27650131),(6,27685910),(6,27800047),(18,27800068),(14,27979166),(11,27979343),(13,27999936),(25,28017815),(1,28065205),(3,28065478),(13,28084616),(23,28118896),(11,28246117),(7,28466304),(5,28513597),(13,28552811),(5,28589963),(9,28610740),(12,28818364),(15,28832531),(1,28903354),(20,29008677),(10,29054393),(7,29241507),(20,29325180),(15,29411528),(20,29431996),(5,29441092),(18,29455785),(20,29596937),(16,29671618),(6,29671701),(13,29671992),(15,29698224),(19,29806907),(24,29806908),(23,30003106),(16,30084028),(15,30165274),(14,30255272),(24,30297834),(19,30362346),(19,30396924),(15,30398079),(23,30619550),(13,30687895),(2,30790108),(24,30790455),(7,30846541),(15,30935057),(6,33012397),(21,36408906),(10,92255489),(2,92452168),(9,93512269),(24,93997742);
/*!40000 ALTER TABLE `equipo_socia` ENABLE KEYS */;
UNLOCK TABLES;

--
-- Table structure for table `ergometria`
--

DROP TABLE IF EXISTS `ergometria`;
/*!40101 SET @saved_cs_client     = @@character_set_client */;
/*!40101 SET character_set_client = utf8 */;
CREATE TABLE `ergometria` (
  `IDERGOMETRIA` bigint(20) NOT NULL,
  `APROBADO` tinyint(1) DEFAULT '0',
  `BORRADOLOGICO` tinyint(1) DEFAULT '0',
  `COMENTARIOS` varchar(1000) DEFAULT NULL,
  `FECHACADUCIDAD` date DEFAULT NULL,
  `FECHAREALIZACION` date DEFAULT NULL,
  PRIMARY KEY (`IDERGOMETRIA`)
) ENGINE=InnoDB DEFAULT CHARSET=utf8;
/*!40101 SET character_set_client = @saved_cs_client */;

--
-- Dumping data for table `ergometria`
--

LOCK TABLES `ergometria` WRITE;
/*!40000 ALTER TABLE `ergometria` DISABLE KEYS */;
INSERT INTO `ergometria` VALUES (1951,1,0,'','2019-05-20','2010-02-02'),(1952,1,0,'','2019-05-20','2002-03-01'),(1953,1,0,'','2019-05-20','2010-03-17'),(1954,1,0,'','2019-05-20','2004-05-31'),(1955,1,0,'','2019-05-20','2008-09-03'),(1956,1,0,'','2019-05-20','2009-07-30'),(1957,1,0,'','2019-05-20','2005-10-05'),(1958,1,0,'','2019-05-20','2005-08-27'),(1959,1,0,'','2019-05-20','1999-01-27'),(1960,1,0,'','2019-05-20','2006-06-19'),(1961,1,0,'','2019-05-20','1999-04-09'),(1962,1,0,'','2019-05-20','2012-06-14'),(1963,1,0,'','2019-05-20','2004-06-29'),(1964,1,0,'','2019-05-20','2013-03-13'),(1965,1,0,'','2019-05-20','2012-02-07'),(1966,1,0,'','2019-05-20','2014-01-25'),(1967,1,0,'','2019-05-20','2000-12-29'),(1968,1,0,'','2019-05-20','2013-05-16'),(1969,1,0,'','2019-05-20','2006-09-09'),(1970,1,0,'','2019-05-20','2002-02-20'),(1971,1,0,'','2019-05-20','2001-11-21'),(1972,1,0,'','2019-05-20','2007-10-20'),(1973,1,0,'','2019-05-20','2008-05-17'),(1974,1,0,'','2019-05-20','2012-11-01'),(1975,1,0,'','2019-05-20','1999-06-25'),(1976,1,0,'','2019-05-20','2000-10-20'),(1977,1,0,'','2019-05-20','2011-12-07'),(1978,1,0,'','2019-05-20','2003-06-01'),(1979,1,0,'','2019-05-20','2002-02-05'),(1980,1,0,'','2019-05-20','2011-05-26'),(1981,1,0,'','2019-05-20','2014-02-24'),(1982,1,0,'','2019-05-20','2004-10-13'),(1983,1,0,'','2019-05-20','2005-07-09'),(1984,0,0,'','2019-05-20','2014-06-21'),(1985,1,0,'','2019-05-20','2008-11-29'),(1986,1,0,'','2019-05-20','2010-01-13'),(1987,1,0,'','2019-05-20','2013-03-25'),(1988,1,0,'','2019-05-20','2001-11-25'),(1989,1,0,'','2019-05-20','1999-07-09'),(1990,1,0,'','2019-05-20','2013-04-10'),(1991,1,0,'','2019-05-20','2013-01-04'),(1992,0,0,'','2019-05-20','2006-11-08'),(1993,1,0,'','2019-05-20','2001-10-12'),(1994,1,0,'','2019-05-20','2012-08-27'),(1995,1,0,'','2019-05-20','2002-09-20'),(1996,1,0,'','2019-05-20','2007-01-26'),(1997,1,0,'','2019-05-20','2014-04-07'),(1998,1,0,'','2019-05-20','2008-02-12'),(1999,1,0,'','2019-05-20','2010-05-29'),(2000,1,0,'','2019-05-20','1999-04-23'),(2001,1,0,'','2019-05-20','2009-05-27'),(2002,1,0,'','2019-05-20','2011-02-13'),(2003,1,0,'','2019-05-20','2008-12-01'),(2004,1,0,'','2019-05-20','2002-09-20'),(2005,1,0,'','2019-05-20','2000-08-29'),(2006,1,0,'','2019-05-20','2008-03-20'),(2007,0,0,'','2019-05-20','2011-10-10'),(2008,1,0,'','2019-05-20','2010-12-17'),(2009,1,0,'','2019-05-20','2010-04-18'),(2010,1,0,'','2019-05-20','1999-03-25'),(2011,1,0,'','2019-05-20','2014-02-03'),(2012,1,0,'','2019-05-20','2005-03-26'),(2013,1,0,'','2019-05-20','2007-08-18'),(2014,1,0,'','2019-05-20','2004-09-25'),(2015,1,0,'','2019-05-20','2010-05-17'),(2016,1,0,'','2019-05-20','2003-02-10'),(2017,1,0,'','2019-05-20','2000-04-11'),(2018,1,0,'','2019-05-20','2010-06-06'),(2019,1,0,'','2019-05-20','2008-09-18'),(2020,1,0,'','2019-05-20','2005-03-13'),(2021,1,0,'','2019-05-20','2008-07-07'),(2022,1,0,'','2019-05-20','2003-09-07'),(2023,1,0,'','2019-05-20','2000-12-13'),(2024,1,0,'','2019-05-20','2005-07-22'),(2025,1,0,'','2019-05-20','2001-03-02'),(2026,1,0,'','2019-05-20','2004-12-23'),(2027,0,0,'','2019-05-20','2012-05-30'),(2028,1,0,'','2019-05-20','2010-04-01'),(2029,1,0,'','2019-05-20','2010-02-05'),(2030,1,0,'','2019-05-20','2001-10-12'),(2031,1,0,'','2019-05-20','2012-04-11'),(2032,1,0,'','2019-05-20','2010-09-16'),(2033,1,0,'','2019-05-20','2004-07-20'),(2034,1,0,'','2019-05-20','2006-09-22'),(2035,1,0,'','2019-05-20','2006-12-03'),(2036,1,0,'','2019-05-20','2003-05-02'),(2037,1,0,'','2019-05-20','2001-04-16'),(2038,1,0,'','2019-05-20','2004-03-04'),(2039,1,0,'','2019-05-20','2000-12-08'),(2040,0,0,'','2019-05-20','1999-03-14'),(2041,1,0,'','2019-05-20','2013-02-17'),(2042,1,0,'','2019-05-20','2000-03-28'),(2043,1,0,'','2019-05-20','2000-04-23'),(2044,1,0,'','2019-05-20','2003-07-26'),(2045,1,0,'','2019-05-20','2007-05-12'),(2046,1,0,'','2019-05-20','2000-09-10'),(2047,0,0,'','2019-05-20','2011-01-30'),(2048,1,0,'','2019-05-20','2012-07-03'),(2049,1,0,'','2019-05-20','1999-09-12'),(2050,1,0,'','2019-05-20','2001-05-05'),(2051,1,0,'','2019-05-20','2010-12-08'),(2052,1,0,'','2019-05-20','2003-12-17'),(2053,1,0,'','2019-05-20','2003-04-12'),(2054,1,0,'','2019-05-20','2002-01-02'),(2055,1,0,'','2019-05-20','2008-12-12'),(2056,1,0,'','2019-05-20','2010-07-14'),(2057,1,0,'','2019-05-20','2003-06-10'),(2058,1,0,'','2019-05-20','2011-07-31'),(2059,1,0,'','2019-05-20','2013-05-10'),(2060,1,0,'','2019-05-20','2000-08-18'),(2061,1,0,'','2019-05-20','2010-12-19'),(2062,1,0,'','2019-05-20','2009-12-01'),(2063,1,0,'','2019-05-20','2001-03-26'),(2064,1,0,'','2019-05-20','2004-06-02'),(2065,1,0,'','2019-05-20','2002-12-13'),(2066,1,0,'','2019-05-20','2002-11-23'),(2067,1,0,'','2019-05-20','2010-11-30'),(2068,1,0,'','2019-05-20','2006-08-09'),(2069,1,0,'','2019-05-20','2009-07-17'),(2070,1,0,'','2019-05-20','2010-04-13'),(2071,1,0,'','2019-05-20','2010-09-18'),(2072,1,0,'','2019-05-20','2010-02-12'),(2073,1,0,'','2019-05-20','2006-09-27'),(2074,1,0,'','2019-05-20','2002-10-31'),(2075,1,0,'','2019-05-20','2013-04-30'),(2076,1,0,'','2019-05-20','2002-08-27'),(2077,1,0,'','2019-05-20','2009-07-26'),(2078,1,0,'','2019-05-20','2006-01-28'),(2079,1,0,'','2019-05-20','2010-04-19'),(2080,1,0,'','2019-05-20','2010-10-30'),(2081,1,0,'','2019-05-20','2003-06-27'),(2082,1,0,'','2019-05-20','2009-11-21'),(2083,0,0,'','2019-05-20','2009-11-12'),(2084,1,0,'','2019-05-20','2002-10-24'),(2085,1,0,'','2019-05-20','2002-12-14'),(2086,1,0,'','2019-05-20','2006-04-13'),(2087,0,0,'','2019-05-20','2012-12-20'),(2088,1,0,'','2019-05-20','2005-08-21'),(2089,1,0,'','2019-05-20','2005-08-12'),(2090,1,0,'','2019-05-20','2009-11-07'),(2091,1,0,'','2019-05-20','2002-04-14'),(2092,1,0,'','2019-05-20','1999-01-26'),(2093,0,0,'','2019-05-20','2005-11-23'),(2094,1,0,'','2019-05-20','2001-05-17'),(2095,1,0,'','2019-05-20','2006-12-03'),(2096,1,0,'','2019-05-20','2007-09-25'),(2097,1,0,'','2019-05-20','1999-06-18'),(2098,1,0,'','2019-05-20','2013-08-23'),(2099,1,0,'','2019-05-20','1999-10-14'),(2100,1,0,'','2019-05-20','1999-07-19'),(2101,1,0,'','2019-05-20','2012-05-19'),(2102,1,0,'','2019-05-20','2000-04-26'),(2103,1,0,'','2019-05-20','2008-05-06'),(2104,1,0,'','2019-05-20','2006-12-21'),(2105,1,0,'','2019-05-20','1999-07-28'),(2106,1,0,'','2019-05-20','2014-02-15'),(2107,1,0,'','2019-05-20','2003-10-31'),(2108,1,0,'','2019-05-20','2006-07-08'),(2109,1,0,'','2019-05-20','2005-01-05'),(2110,1,0,'','2019-05-20','2011-01-22'),(2111,1,0,'','2019-05-20','2009-03-09'),(2112,1,0,'','2019-05-20','2001-09-25'),(2113,1,0,'','2019-05-20','2009-02-12'),(2114,1,0,'','2019-05-20','2004-07-20'),(2115,1,0,'','2019-05-20','2002-05-21'),(2116,1,0,'','2019-05-20','2007-07-18'),(2117,1,0,'','2019-05-20','2013-03-13'),(2118,0,0,'','2019-05-20','2006-12-23'),(2119,1,0,'','2019-05-20','1999-03-03'),(2120,1,0,'','2019-05-20','1999-05-14'),(2121,1,0,'','2019-05-20','2006-12-06'),(2122,1,0,'','2019-05-20','2011-06-12'),(2123,0,0,'','2019-05-20','2004-02-04'),(2124,1,0,'','2019-05-20','2012-06-15'),(2125,1,0,'','2019-05-20','2005-08-27'),(2126,1,0,'','2019-05-20','2003-05-02'),(2127,1,0,'','2019-05-20','2007-02-13'),(2128,1,0,'','2019-05-20','2004-09-13'),(2129,1,0,'','2019-05-20','2003-04-26'),(2130,1,0,'','2019-05-20','2007-12-18'),(2131,0,0,'','2019-05-20','2012-01-15'),(2132,0,0,'','2019-05-20','2004-12-05'),(2133,1,0,'','2019-05-20','2007-05-28'),(2134,1,0,'','2019-05-20','2003-10-13'),(2135,1,0,'','2019-05-20','2012-09-05'),(2136,1,0,'','2019-05-20','2001-02-21'),(2137,1,0,'','2019-05-20','2002-09-11'),(2138,1,0,'','2019-05-20','2004-08-12'),(2139,0,0,'','2019-05-20','2001-08-27'),(2140,1,0,'','2019-05-20','2011-06-09'),(2141,1,0,'','2019-05-20','2004-03-23'),(2142,1,0,'','2019-05-20','2001-04-08'),(2143,1,0,'','2019-05-20','2013-01-17'),(2144,0,0,'','2019-05-20','2004-10-10'),(2145,1,0,'','2019-05-20','2010-09-06'),(2146,1,0,'','2019-05-20','2013-12-07'),(2147,1,0,'','2019-05-20','2001-01-17'),(2148,0,0,'','2019-05-20','2007-03-01'),(2149,1,0,'','2019-05-20','2003-03-11'),(2150,1,0,'','2019-05-20','2013-04-02'),(2151,1,0,'','2019-05-20','2005-10-20'),(2152,1,0,'','2019-05-20','2009-12-22'),(2153,1,0,'','2019-05-20','2001-07-20'),(2154,1,0,'','2019-05-20','2002-05-03'),(2155,1,0,'','2019-05-20','1999-09-02'),(2156,1,0,'','2019-05-20','2009-07-22'),(2157,1,0,'','2019-05-20','2012-06-19'),(2158,1,0,'','2019-05-20','2004-05-07'),(2159,1,0,'','2019-05-20','1999-11-07'),(2160,1,0,'','2019-05-20','2007-09-26'),(2161,1,0,'','2019-05-20','2014-05-14'),(2162,1,0,'','2019-05-20','2006-02-04'),(2163,0,0,'','2019-05-20','2006-06-17'),(2164,1,0,'','2019-05-20','2014-07-26'),(2165,1,0,'','2019-05-20','2009-01-13'),(2166,1,0,'','2019-05-20','2006-07-22'),(2167,0,0,'','2019-05-20','2000-05-07'),(2168,1,0,'','2019-05-20','2012-05-06'),(2169,1,0,'','2019-05-20','2000-04-03'),(2170,1,0,'','2019-05-20','2005-04-06'),(2171,0,0,'','2019-05-20','2010-01-22'),(2172,1,0,'','2019-05-20','1999-12-28'),(2173,1,0,'','2019-05-20','2006-10-12'),(2174,1,0,'','2019-05-20','2009-08-08'),(2175,0,0,'','2019-05-20','2012-01-14'),(2176,1,0,'','2019-05-20','2010-01-11'),(2177,1,0,'','2019-05-20','2014-01-11'),(2178,0,0,'','2019-05-20','2006-04-03'),(2179,1,0,'','2019-05-20','2003-10-20'),(2180,1,0,'','2019-05-20','2008-03-12'),(2181,1,0,'','2019-05-20','2012-04-23'),(2182,1,0,'','2019-05-20','2011-10-09'),(2183,1,0,'','2019-05-20','1999-06-20'),(2184,1,0,'','2019-05-20','2000-04-24'),(2185,1,0,'','2019-05-20','2014-05-15'),(2186,1,0,'','2019-05-20','2011-12-12'),(2187,1,0,'','2019-05-20','1999-05-22'),(2188,1,0,'','2019-05-20','2005-03-22'),(2189,1,0,'','2019-05-20','2006-07-19'),(2190,1,0,'','2019-05-20','2003-03-15'),(2191,1,0,'','2019-05-20','2010-04-17'),(2192,1,0,'','2019-05-20','2000-12-20'),(2193,1,0,'','2019-05-20','2014-03-23'),(2194,1,0,'','2019-05-20','2004-09-03'),(2195,1,0,'','2019-05-20','2000-06-11'),(2196,1,0,'','2019-05-20','2004-02-15'),(2197,1,0,'','2019-05-20','2002-05-24'),(2198,1,0,'','2019-05-20','2008-02-22'),(2199,1,0,'','2019-05-20','2001-06-14'),(2200,1,0,'','2019-05-20','2011-11-12'),(2201,1,0,'','2019-05-20','2005-06-03'),(2202,1,0,'','2019-05-20','2004-10-12'),(2203,1,0,'','2019-05-20','2010-07-01'),(2204,1,0,'','2019-05-20','2003-06-26'),(2205,1,0,'','2019-05-20','2010-04-04'),(2206,1,0,'','2019-05-20','2009-02-04'),(2207,1,0,'','2019-05-20','2001-03-29'),(2208,1,0,'','2019-05-20','2007-02-21'),(2209,1,0,'','2019-05-20','2001-07-28'),(2210,1,0,'','2019-05-20','2007-11-21'),(2211,1,0,'','2019-05-20','2002-10-30'),(2212,1,0,'','2019-05-20','2005-12-08'),(2213,1,0,'','2019-05-20','2014-03-05'),(2214,1,0,'','2019-05-20','2010-11-08'),(2215,1,0,'','2019-05-20','2007-03-10'),(2216,1,0,'','2019-05-20','2013-04-20'),(2217,1,0,'','2019-05-20','2001-07-17'),(2218,1,0,'','2019-05-20','2001-10-27'),(2219,1,0,'','2019-05-20','2008-07-30'),(2220,1,0,'','2019-05-20','2005-02-28'),(2221,1,0,'','2019-05-20','2006-05-27'),(2222,1,0,'','2019-05-20','2009-06-18'),(2223,1,0,'','2019-05-20','2009-09-12'),(2224,1,0,'','2019-05-20','2000-03-31'),(2225,1,0,'','2019-05-20','2002-01-15'),(2226,1,0,'','2019-05-20','2004-05-18'),(2227,1,0,'','2019-05-20','2003-11-01'),(2228,1,0,'','2019-05-20','2011-05-20'),(2229,1,0,'','2019-05-20','2008-07-07'),(2230,1,0,'','2019-05-20','2009-05-24'),(2231,1,0,'','2019-05-20','1999-10-30'),(2232,1,0,'','2019-05-20','2001-05-29'),(2233,1,0,'','2019-05-20','2012-10-14'),(2234,1,0,'','2019-05-20','2000-12-06'),(2235,1,0,'','2019-05-20','2000-02-16'),(2236,1,0,'','2019-05-20','2009-03-13'),(2237,1,0,'','2019-05-20','2014-05-04'),(2238,1,0,'','2019-05-20','2010-04-12'),(2239,1,0,'','2019-05-20','2005-04-24'),(2240,1,0,'','2019-05-20','2005-04-18'),(2241,1,0,'','2019-05-20','2000-12-01'),(2242,1,0,'','2019-05-20','2001-01-01'),(2243,1,0,'','2019-05-20','2005-09-24'),(2244,1,0,'','2019-05-20','2013-09-13'),(2245,1,0,'','2019-05-20','2003-04-15'),(2246,0,0,'','2019-05-20','2013-07-30'),(2247,1,0,'','2019-05-20','1999-05-30'),(2248,1,0,'','2019-05-20','2005-08-20'),(2249,1,0,'','2019-05-20','2010-11-20'),(2250,1,0,'','2019-05-20','2004-02-11'),(2251,1,0,'','2019-05-20','2010-06-10'),(2252,1,0,'','2019-05-20','2013-12-10'),(2253,1,0,'','2019-05-20','2002-08-10'),(2254,1,0,'','2019-05-20','2014-03-24'),(2255,1,0,'','2019-05-20','1999-01-27'),(2256,1,0,'','2019-05-20','1999-04-09'),(2257,1,0,'','2019-05-20','2000-07-22'),(2258,0,0,'','2019-05-20','2010-04-30'),(2259,1,0,'','2019-05-20','2002-04-23'),(2260,1,0,'','2019-05-20','2004-12-14'),(2261,1,0,'','2019-05-20','2008-06-14'),(2262,1,0,'','2019-05-20','2010-08-08'),(2263,1,0,'','2019-05-20','2003-11-13'),(2264,1,0,'','2019-05-20','2010-02-16'),(2265,1,0,'','2019-05-20','1999-03-20'),(2266,1,0,'','2019-05-20','2006-04-21'),(2267,1,0,'','2019-05-20','2006-06-14'),(2268,1,0,'','2019-05-20','2009-05-26'),(2269,1,0,'','2019-05-20','2006-02-18'),(2270,1,0,'','2019-05-20','2004-08-02'),(2271,1,0,'','2019-05-20','2010-02-21'),(2272,1,0,'','2019-05-20','2008-07-24'),(2273,1,0,'','2019-05-20','2002-07-10'),(2274,1,0,'','2019-05-20','2010-09-07'),(2275,1,0,'','2019-05-20','2001-04-13'),(2276,1,0,'','2019-05-20','2011-11-22'),(2277,1,0,'','2019-05-20','2014-04-04'),(2278,0,0,'','2019-05-20','2012-02-26'),(2279,1,0,'','2019-05-20','2011-05-27'),(2280,1,0,'','2019-05-20','2011-07-19'),(2281,1,0,'','2019-05-20','2000-10-05'),(2282,1,0,'','2019-05-20','2000-08-16'),(2283,1,0,'','2019-05-20','2013-06-26'),(2284,0,0,'','2019-05-20','2004-01-22'),(2285,0,0,'','2019-05-20','2003-06-13'),(2286,1,0,'','2019-05-20','1999-08-26'),(2287,1,0,'','2019-05-20','2007-06-15'),(2288,1,0,'','2019-05-20','2004-09-03'),(2289,1,0,'','2019-05-20','2010-08-07'),(2290,1,0,'','2019-05-20','2007-05-26'),(2291,1,0,'','2019-05-20','2011-07-15'),(2292,1,0,'','2019-05-20','2008-02-11'),(2293,1,0,'','2019-05-20','2010-05-26'),(2294,1,0,'','2019-05-20','2010-05-04'),(2295,1,0,'','2019-05-20','2003-09-27'),(2296,1,0,'','2019-05-20','1999-11-10'),(2297,1,0,'','2019-05-20','2006-09-22'),(2298,1,0,'','2019-05-20','2007-02-02'),(2299,1,0,'','2019-05-20','2008-12-14'),(2300,1,0,'','2019-05-20','2012-10-25'),(2301,1,0,'','2019-05-20','2000-05-16'),(2302,0,0,'','2019-05-20','2008-10-11'),(2303,1,0,'','2019-05-20','2002-05-01'),(2304,1,0,'','2019-05-20','2010-12-22'),(2305,1,0,'','2019-05-20','2012-10-05'),(2306,1,0,'','2019-05-20','2001-03-05'),(2307,0,0,'','2019-05-20','2010-10-24'),(2308,1,0,'','2019-05-20','2003-10-12'),(2309,1,0,'','2019-05-20','2009-08-01'),(2310,1,0,'','2019-05-20','1999-08-24'),(2311,1,0,'','2019-05-20','2011-07-18'),(2312,1,0,'','2019-05-20','2009-03-31'),(2313,1,0,'','2019-05-20','2006-02-11'),(2314,1,0,'','2019-05-20','2004-03-25'),(2315,1,0,'','2019-05-20','2008-01-16'),(2316,1,0,'','2019-05-20','2002-09-21'),(2317,1,0,'','2019-05-20','2003-03-16'),(2318,1,0,'','2019-05-20','2002-08-08'),(2319,1,0,'','2019-05-20','2012-11-09'),(2320,1,0,'','2019-05-20','2012-03-30'),(2321,1,0,'','2019-05-20','2007-07-19'),(2322,1,0,'','2019-05-20','1999-04-07'),(2323,1,0,'','2019-05-20','2007-12-03'),(2324,1,0,'','2019-05-20','2014-05-14'),(2325,1,0,'','2019-05-20','2006-02-13');
/*!40000 ALTER TABLE `ergometria` ENABLE KEYS */;
UNLOCK TABLES;

--
-- Table structure for table `estado`
--

DROP TABLE IF EXISTS `estado`;
/*!40101 SET @saved_cs_client     = @@character_set_client */;
/*!40101 SET character_set_client = utf8 */;
CREATE TABLE `estado` (
  `IDESTADO` bigint(20) NOT NULL,
  `BORRADOLOGICO` tinyint(1) DEFAULT '0',
  `FECHA` date DEFAULT NULL,
  `UNTIPOESTADO_IDTIPOESTADO` bigint(20) DEFAULT NULL,
  PRIMARY KEY (`IDESTADO`),
  KEY `FK_ESTADO_UNTIPOESTADO_IDTIPOESTADO` (`UNTIPOESTADO_IDTIPOESTADO`),
  CONSTRAINT `FK_ESTADO_UNTIPOESTADO_IDTIPOESTADO` FOREIGN KEY (`UNTIPOESTADO_IDTIPOESTADO`) REFERENCES `tipoestado` (`IDTIPOESTADO`)
) ENGINE=InnoDB DEFAULT CHARSET=utf8;
/*!40101 SET character_set_client = @saved_cs_client */;

--
-- Dumping data for table `estado`
--

LOCK TABLES `estado` WRITE;
/*!40000 ALTER TABLE `estado` DISABLE KEYS */;
INSERT INTO `estado` VALUES (76,0,'2010-02-02',2),(77,0,'2002-03-01',2),(78,0,'2010-03-17',2),(79,0,'2004-05-31',2),(80,0,'2008-09-03',2),(81,0,'2009-07-30',2),(82,0,'2005-10-05',2),(83,0,'2005-08-27',2),(84,0,'1999-01-27',2),(85,0,'2006-06-19',2),(86,0,'1999-04-09',2),(87,0,'2012-06-14',2),(88,0,'2004-06-29',2),(89,0,'2013-03-13',2),(90,0,'2012-02-07',2),(91,0,'2014-01-25',2),(92,0,'2000-12-29',2),(93,0,'2013-05-16',2),(94,0,'2006-09-09',2),(95,0,'2002-02-20',2),(96,0,'2001-11-21',2),(97,0,'2007-10-20',2),(98,0,'2008-05-17',2),(99,0,'2012-11-01',2),(100,0,'1999-06-25',2),(101,0,'2000-10-20',2),(102,0,'2011-12-07',2),(103,0,'2003-06-01',2),(104,0,'2002-02-05',2),(105,0,'2011-05-26',2),(106,0,'2014-02-24',2),(107,0,'2004-10-13',2),(108,0,'2005-07-09',2),(109,0,'2014-06-21',2),(110,0,'2008-11-29',2),(111,0,'2010-01-13',2),(112,0,'2013-03-25',2),(113,0,'2001-11-25',2),(114,0,'1999-07-09',2),(115,0,'2013-04-10',2),(116,0,'2013-01-04',2),(117,0,'2006-11-08',2),(118,0,'2001-10-12',2),(119,0,'2012-08-27',2),(120,0,'2002-09-20',2),(121,0,'2007-01-26',2),(122,0,'2014-04-07',2),(123,0,'2008-02-12',2),(124,0,'2010-05-29',2),(125,0,'1999-04-23',2),(126,0,'2009-05-27',2),(127,0,'2011-02-13',2),(128,0,'2008-12-01',2),(129,0,'2002-09-20',2),(130,0,'2000-08-29',2),(131,0,'2008-03-20',2),(132,0,'2011-10-10',2),(133,0,'2010-12-17',2),(134,0,'2010-04-18',2),(135,0,'1999-03-25',2),(136,0,'2014-02-03',2),(137,0,'2005-03-26',2),(138,0,'2007-08-18',2),(139,0,'2004-09-25',2),(140,0,'2010-05-17',2),(141,0,'2003-02-10',2),(142,0,'2000-04-11',2),(143,0,'2010-06-06',2),(144,0,'2008-09-18',2),(145,0,'2005-03-13',2),(146,0,'2008-07-07',2),(147,0,'2003-09-07',2),(148,0,'2000-12-13',2),(149,0,'2005-07-22',2),(150,0,'2001-03-02',2),(151,0,'2004-12-23',2),(152,0,'2012-05-30',2),(153,0,'2010-04-01',2),(154,0,'2010-02-05',2),(155,0,'2001-10-12',2),(156,0,'2012-04-11',2),(157,0,'2010-09-16',2),(158,0,'2004-07-20',2),(159,0,'2006-09-22',2),(160,0,'2006-12-03',2),(161,0,'2003-05-02',2),(162,0,'2001-04-16',2),(163,0,'2004-03-04',2),(164,0,'2000-12-08',2),(165,0,'1999-03-14',2),(166,0,'2013-02-17',2),(167,0,'2000-03-28',2),(168,0,'2000-04-23',2),(169,0,'2003-07-26',2),(170,0,'2007-05-12',2),(171,0,'2000-09-10',2),(172,0,'2011-01-30',2),(173,0,'2012-07-03',2),(174,0,'1999-09-12',2),(175,0,'2001-05-05',2),(176,0,'2010-12-08',2),(177,0,'2003-12-17',2),(178,0,'2003-04-12',2),(179,0,'2002-01-02',2),(180,0,'2008-12-12',2),(181,0,'2010-07-14',2),(182,0,'2003-06-10',2),(183,0,'2011-07-31',2),(184,0,'2013-05-10',2),(185,0,'2000-08-18',2),(186,0,'2010-12-19',2),(187,0,'2009-12-01',2),(188,0,'2001-03-26',2),(189,0,'2004-06-02',2),(190,0,'2002-12-13',2),(191,0,'2002-11-23',2),(192,0,'2010-11-30',2),(193,0,'2006-08-09',2),(194,0,'2009-07-17',2),(195,0,'2010-04-13',2),(196,0,'2010-09-18',2),(197,0,'2010-02-12',2),(198,0,'2006-09-27',2),(199,0,'2002-10-31',2),(200,0,'2013-04-30',2),(201,0,'2002-08-27',2),(202,0,'2009-07-26',2),(203,0,'2006-01-28',2),(204,0,'2010-04-19',2),(205,0,'2010-10-30',2),(206,0,'2003-06-27',2),(207,0,'2009-11-21',2),(208,0,'2009-11-12',2),(209,0,'2002-10-24',2),(210,0,'2002-12-14',2),(211,0,'2006-04-13',2),(212,0,'2012-12-20',2),(213,0,'2005-08-21',2),(214,0,'2005-08-12',2),(215,0,'2009-11-07',2),(216,0,'2002-04-14',2),(217,0,'1999-01-26',2),(218,0,'2005-11-23',2),(219,0,'2001-05-17',2),(220,0,'2006-12-03',2),(221,0,'2007-09-25',2),(222,0,'1999-06-18',2),(223,0,'2013-08-23',2),(224,0,'1999-10-14',2),(225,0,'1999-07-19',2),(226,0,'2012-05-19',2),(227,0,'2000-04-26',2),(228,0,'2008-05-06',2),(229,0,'2006-12-21',2),(230,0,'1999-07-28',2),(231,0,'2014-02-15',2),(232,0,'2003-10-31',2),(233,0,'2006-07-08',2),(234,0,'2005-01-05',2),(235,0,'2011-01-22',2),(236,0,'2009-03-09',2),(237,0,'2001-09-25',2),(238,0,'2009-02-12',2),(239,0,'2004-07-20',2),(240,0,'2002-05-21',2),(241,0,'2007-07-18',2),(242,0,'2013-03-13',2),(243,0,'2006-12-23',2),(244,0,'1999-03-03',2),(245,0,'1999-05-14',2),(246,0,'2006-12-06',2),(247,0,'2011-06-12',2),(248,0,'2004-02-04',2),(249,0,'2012-06-15',2),(250,0,'2005-08-27',2),(251,0,'2003-05-02',2),(252,0,'2007-02-13',2),(253,0,'2004-09-13',2),(254,0,'2003-04-26',2),(255,0,'2007-12-18',2),(256,0,'2012-01-15',2),(257,0,'2004-12-05',2),(258,0,'2007-05-28',2),(259,0,'2003-10-13',2),(260,0,'2012-09-05',2),(261,0,'2001-02-21',2),(262,0,'2002-09-11',2),(263,0,'2004-08-12',2),(264,0,'2001-08-27',2),(265,0,'2011-06-09',2),(266,0,'2004-03-23',2),(267,0,'2001-04-08',2),(268,0,'2013-01-17',2),(269,0,'2004-10-10',2),(270,0,'2010-09-06',2),(271,0,'2013-12-07',2),(272,0,'2001-01-17',2),(273,0,'2007-03-01',2),(274,0,'2003-03-11',2),(275,0,'2013-04-02',2),(276,0,'2005-10-20',2),(277,0,'2009-12-22',2),(278,0,'2001-07-20',2),(279,0,'2002-05-03',2),(280,0,'1999-09-02',2),(281,0,'2009-07-22',2),(282,0,'2012-06-19',2),(283,0,'2004-05-07',2),(284,0,'1999-11-07',2),(285,0,'2007-09-26',2),(286,0,'2014-05-14',2),(287,0,'2006-02-04',2),(288,0,'2006-06-17',2),(289,0,'2014-07-26',2),(290,0,'2009-01-13',2),(291,0,'2006-07-22',2),(292,0,'2000-05-07',2),(293,0,'2012-05-06',2),(294,0,'2000-04-03',2),(295,0,'2005-04-06',2),(296,0,'2010-01-22',2),(297,0,'1999-12-28',2),(298,0,'2006-10-12',2),(299,0,'2009-08-08',2),(300,0,'2012-01-14',2),(301,0,'2010-01-11',2),(302,0,'2014-01-11',2),(303,0,'2006-04-03',2),(304,0,'2003-10-20',2),(305,0,'2008-03-12',2),(306,0,'2012-04-23',2),(307,0,'2011-10-09',2),(308,0,'1999-06-20',2),(309,0,'2000-04-24',2),(310,0,'2014-05-15',2),(311,0,'2011-12-12',2),(312,0,'1999-05-22',2),(313,0,'2005-03-22',2),(314,0,'2006-07-19',2),(315,0,'2003-03-15',2),(316,0,'2010-04-17',2),(317,0,'2000-12-20',2),(318,0,'2014-03-23',2),(319,0,'2004-09-03',2),(320,0,'2000-06-11',2),(321,0,'2004-02-15',2),(322,0,'2002-05-24',2),(323,0,'2008-02-22',2),(324,0,'2001-06-14',2),(325,0,'2011-11-12',2),(326,0,'2005-06-03',2),(327,0,'2004-10-12',2),(328,0,'2010-07-01',2),(329,0,'2003-06-26',2),(330,0,'2010-04-04',2),(331,0,'2009-02-04',2),(332,0,'2001-03-29',2),(333,0,'2007-02-21',2),(334,0,'2001-07-28',2),(335,0,'2007-11-21',2),(336,0,'2002-10-30',2),(337,0,'2005-12-08',2),(338,0,'2014-03-05',2),(339,0,'2010-11-08',2),(340,0,'2007-03-10',2),(341,0,'2013-04-20',2),(342,0,'2001-07-17',2),(343,0,'2001-10-27',2),(344,0,'2008-07-30',2),(345,0,'2005-02-28',2),(346,0,'2006-05-27',2),(347,0,'2009-06-18',2),(348,0,'2009-09-12',2),(349,0,'2000-03-31',2),(350,0,'2002-01-15',2),(351,0,'2004-05-18',2),(352,0,'2003-11-01',2),(353,0,'2011-05-20',2),(354,0,'2008-07-07',2),(355,0,'2009-05-24',2),(356,0,'1999-10-30',2),(357,0,'2001-05-29',2),(358,0,'2012-10-14',2),(359,0,'2000-12-06',2),(360,0,'2000-02-16',2),(361,0,'2009-03-13',2),(362,0,'2014-05-04',2),(363,0,'2010-04-12',2),(364,0,'2005-04-24',2),(365,0,'2005-04-18',2),(366,0,'2000-12-01',2),(367,0,'2001-01-01',2),(368,0,'2005-09-24',2),(369,0,'2013-09-13',2),(370,0,'2003-04-15',2),(371,0,'2013-07-30',2),(372,0,'1999-05-30',2),(373,0,'2005-08-20',2),(374,0,'2010-11-20',2),(375,0,'2004-02-11',2),(376,0,'2010-06-10',2),(377,0,'2013-12-10',2),(378,0,'2002-08-10',2),(379,0,'2014-03-24',2),(380,0,'1999-01-27',2),(381,0,'1999-04-09',2),(382,0,'2000-07-22',2),(383,0,'2010-04-30',2),(384,0,'2002-04-23',2),(385,0,'2004-12-14',2),(386,0,'2008-06-14',2),(387,0,'2010-08-08',2),(388,0,'2003-11-13',2),(389,0,'2010-02-16',2),(390,0,'1999-03-20',2),(391,0,'2006-04-21',2),(392,0,'2006-06-14',2),(393,0,'2009-05-26',2),(394,0,'2006-02-18',2),(395,0,'2004-08-02',2),(396,0,'2010-02-21',2),(397,0,'2008-07-24',2),(398,0,'2002-07-10',2),(399,0,'2010-09-07',2),(400,0,'2001-04-13',2),(401,0,'2011-11-22',2),(402,0,'2014-04-04',2),(403,0,'2012-02-26',2),(404,0,'2011-05-27',2),(405,0,'2011-07-19',2),(406,0,'2000-10-05',2),(407,0,'2000-08-16',2),(408,0,'2013-06-26',2),(409,0,'2004-01-22',2),(410,0,'2003-06-13',2),(411,0,'1999-08-26',2),(412,0,'2007-06-15',2),(413,0,'2004-09-03',2),(414,0,'2010-08-07',2),(415,0,'2007-05-26',2),(416,0,'2011-07-15',2),(417,0,'2008-02-11',2),(418,0,'2010-05-26',2),(419,0,'2010-05-04',2),(420,0,'2003-09-27',2),(421,0,'1999-11-10',2),(422,0,'2006-09-22',2),(423,0,'2007-02-02',2),(424,0,'2008-12-14',2),(425,0,'2012-10-25',2),(426,0,'2000-05-16',2),(427,0,'2008-10-11',2),(428,0,'2002-05-01',2),(429,0,'2010-12-22',2),(430,0,'2012-10-05',2),(431,0,'2001-03-05',2),(432,0,'2010-10-24',2),(433,0,'2003-10-12',2),(434,0,'2009-08-01',2),(435,0,'1999-08-24',2),(436,0,'2011-07-18',2),(437,0,'2009-03-31',2),(438,0,'2006-02-11',2),(439,0,'2004-03-25',2),(440,0,'2008-01-16',2),(441,0,'2002-09-21',2),(442,0,'2003-03-16',2),(443,0,'2002-08-08',2),(444,0,'2012-11-09',2),(445,0,'2012-03-30',2),(446,0,'2007-07-19',2),(447,0,'1999-04-07',2),(448,0,'2007-12-03',2),(449,0,'2014-05-14',2),(450,0,'2006-02-13',2);
/*!40000 ALTER TABLE `estado` ENABLE KEYS */;
UNLOCK TABLES;

--
-- Table structure for table `fechatorneo`
--

DROP TABLE IF EXISTS `fechatorneo`;
/*!40101 SET @saved_cs_client     = @@character_set_client */;
/*!40101 SET character_set_client = utf8 */;
CREATE TABLE `fechatorneo` (
  `IDFECHA` bigint(20) NOT NULL,
  `BORRADOLOGICO` tinyint(1) DEFAULT '0',
  `NUMEROFECHA` int(11) DEFAULT NULL,
  PRIMARY KEY (`IDFECHA`)
) ENGINE=InnoDB DEFAULT CHARSET=utf8;
/*!40101 SET character_set_client = @saved_cs_client */;

--
-- Dumping data for table `fechatorneo`
--

LOCK TABLES `fechatorneo` WRITE;
/*!40000 ALTER TABLE `fechatorneo` DISABLE KEYS */;
/*!40000 ALTER TABLE `fechatorneo` ENABLE KEYS */;
UNLOCK TABLES;

--
-- Table structure for table `fechatorneo_partido`
--

DROP TABLE IF EXISTS `fechatorneo_partido`;
/*!40101 SET @saved_cs_client     = @@character_set_client */;
/*!40101 SET character_set_client = utf8 */;
CREATE TABLE `fechatorneo_partido` (
  `FechaTorneo_IDFECHA` bigint(20) NOT NULL,
  `partidos_IDPARTIDO` bigint(20) NOT NULL,
  PRIMARY KEY (`FechaTorneo_IDFECHA`,`partidos_IDPARTIDO`),
  KEY `FK_FECHATORNEO_PARTIDO_partidos_IDPARTIDO` (`partidos_IDPARTIDO`),
  CONSTRAINT `FK_FECHATORNEO_PARTIDO_FechaTorneo_IDFECHA` FOREIGN KEY (`FechaTorneo_IDFECHA`) REFERENCES `fechatorneo` (`IDFECHA`),
  CONSTRAINT `FK_FECHATORNEO_PARTIDO_partidos_IDPARTIDO` FOREIGN KEY (`partidos_IDPARTIDO`) REFERENCES `partido` (`IDPARTIDO`)
) ENGINE=InnoDB DEFAULT CHARSET=utf8;
/*!40101 SET character_set_client = @saved_cs_client */;

--
-- Dumping data for table `fechatorneo_partido`
--

LOCK TABLES `fechatorneo_partido` WRITE;
/*!40000 ALTER TABLE `fechatorneo_partido` DISABLE KEYS */;
/*!40000 ALTER TABLE `fechatorneo_partido` ENABLE KEYS */;
UNLOCK TABLES;

--
-- Table structure for table `gol`
--

DROP TABLE IF EXISTS `gol`;
/*!40101 SET @saved_cs_client     = @@character_set_client */;
/*!40101 SET character_set_client = utf8 */;
CREATE TABLE `gol` (
  `IDGOL` bigint(20) NOT NULL,
  `BORRADOLOGICO` tinyint(1) DEFAULT '0',
  `MINUTO` varchar(255) DEFAULT NULL,
  `TIEMPO` varchar(255) DEFAULT NULL,
  PRIMARY KEY (`IDGOL`)
) ENGINE=InnoDB DEFAULT CHARSET=utf8;
/*!40101 SET character_set_client = @saved_cs_client */;

--
-- Dumping data for table `gol`
--

LOCK TABLES `gol` WRITE;
/*!40000 ALTER TABLE `gol` DISABLE KEYS */;
/*!40000 ALTER TABLE `gol` ENABLE KEYS */;
UNLOCK TABLES;

--
-- Table structure for table `indumentaria`
--

DROP TABLE IF EXISTS `indumentaria`;
/*!40101 SET @saved_cs_client     = @@character_set_client */;
/*!40101 SET character_set_client = utf8 */;
CREATE TABLE `indumentaria` (
  `IDINDUMENTARIA` bigint(20) NOT NULL,
  `BORRADOLOGICO` tinyint(1) DEFAULT '0',
  `CAMISETA` varchar(255) DEFAULT NULL,
  `MEDIA` varchar(255) DEFAULT NULL,
  `POLLERA` varchar(255) DEFAULT NULL,
  PRIMARY KEY (`IDINDUMENTARIA`)
) ENGINE=InnoDB DEFAULT CHARSET=utf8;
/*!40101 SET character_set_client = @saved_cs_client */;

--
-- Dumping data for table `indumentaria`
--

LOCK TABLES `indumentaria` WRITE;
/*!40000 ALTER TABLE `indumentaria` DISABLE KEYS */;
/*!40000 ALTER TABLE `indumentaria` ENABLE KEYS */;
UNLOCK TABLES;

--
-- Table structure for table `ingresootro`
--

DROP TABLE IF EXISTS `ingresootro`;
/*!40101 SET @saved_cs_client     = @@character_set_client */;
/*!40101 SET character_set_client = utf8 */;
CREATE TABLE `ingresootro` (
  `IDINGRESOOTRO` bigint(20) NOT NULL,
  `BORRADOLOGICO` tinyint(1) DEFAULT '0',
  `FECHA` date DEFAULT NULL,
  `MONTO` double DEFAULT NULL,
  `OBSERVACION` varchar(1000) DEFAULT NULL,
  `UNCONCEPTOINGRESO_IDCONCEPTOINGRESO` bigint(20) DEFAULT NULL,
  PRIMARY KEY (`IDINGRESOOTRO`),
  KEY `FK_INGRESOOTRO_UNCONCEPTOINGRESO_IDCONCEPTOINGRESO` (`UNCONCEPTOINGRESO_IDCONCEPTOINGRESO`),
  CONSTRAINT `FK_INGRESOOTRO_UNCONCEPTOINGRESO_IDCONCEPTOINGRESO` FOREIGN KEY (`UNCONCEPTOINGRESO_IDCONCEPTOINGRESO`) REFERENCES `conceptoingreso` (`IDCONCEPTOINGRESO`)
) ENGINE=InnoDB DEFAULT CHARSET=utf8;
/*!40101 SET character_set_client = @saved_cs_client */;

--
-- Dumping data for table `ingresootro`
--

LOCK TABLES `ingresootro` WRITE;
/*!40000 ALTER TABLE `ingresootro` DISABLE KEYS */;
/*!40000 ALTER TABLE `ingresootro` ENABLE KEYS */;
UNLOCK TABLES;

--
-- Table structure for table `localidad`
--

DROP TABLE IF EXISTS `localidad`;
/*!40101 SET @saved_cs_client     = @@character_set_client */;
/*!40101 SET character_set_client = utf8 */;
CREATE TABLE `localidad` (
  `IDLOCALIDAD` bigint(20) NOT NULL,
  `BORRADOLOGICO` tinyint(1) DEFAULT '0',
  `CODPOSTAL` varchar(255) DEFAULT NULL,
  `NOMBRE` varchar(255) DEFAULT NULL,
  PRIMARY KEY (`IDLOCALIDAD`)
) ENGINE=InnoDB DEFAULT CHARSET=utf8;
/*!40101 SET character_set_client = @saved_cs_client */;

--
-- Dumping data for table `localidad`
--

LOCK TABLES `localidad` WRITE;
/*!40000 ALTER TABLE `localidad` DISABLE KEYS */;
INSERT INTO `localidad` VALUES (1,0,'3300','Posadas'),(2,0,'3334','Puerto Rico'),(3,0,'3320','Obera'),(6,0,'3364','2 de Mayo'),(7,0,'3363','25 de Mayo'),(8,0,'3363','9 de Julio'),(9,0,'3363','Alba Posse'),(10,0,'3350','Apóstoles'),(11,0,'3364','Aristóbulo del Valle'),(12,0,'3366','Bernardo de Irigoyen'),(13,0,'3317','Bonpland'),(14,0,'3362','Campo Grande'),(15,0,'3362','Campo Viera'),(16,0,'3308','Candelaria'),(17,0,'3332','Capioví'),(18,0,'3313','Cerro Azul'),(19,0,'3309','Cerro Corá'),(20,0,'3311','Colonia Alberdi'),(21,0,'3363','Colonia Aurora'),(22,0,'3386','Caraguatay'),(23,0,'3382','Colonia Delicia'),(24,0,'3326','Colonia Polana'),(25,0,'3355','Concepción de la Sierra'),(26,0,'3327','Corpus'),(27,0,'3364','Comandante Andresito'),(28,0,'3315','Dos Arroyos'),(29,0,'3384','El Alcázar'),(30,0,'3364','El Soberbio'),(31,0,'3382','El Dorado'),(32,0,'3334','Garuhapé'),(33,0,'3304','Garupá'),(34,0,'3324','Gobernador Roca'),(35,0,'3361','Guaraní'),(36,0,'3353','Itacaruaré'),(37,0,'3328','Jardín América'),(38,0,'3315','Leandro N Alem'),(39,0,'3316','Loreto'),(40,0,'3304','Miguel Lanús'),(41,0,'3315','Mojón Grande'),(42,0,'3384','Montecarlo'),(43,0,'3360','Oberá'),(44,0,'3361','Panambí'),(45,0,'3300','Posadas'),(46,0,'3378','Puerto Esperanza'),(47,0,'3370','Puerto Iguazú'),(48,0,'3370','Puerto Libertad'),(49,0,'3381','Puerto Piray'),(50,0,'3334','Puerto Rico'),(51,0,'3334','Ruiz de Montoya'),(52,0,'3366','San Antonio'),(53,0,'3322','San Ignacio'),(54,0,'3357','San Javier'),(55,0,'3306','San José'),(56,0,'3364','San Pedro'),(57,0,'3364','San Vicente'),(58,0,'3316','Santa Ana'),(59,0,'3363','Santa Rita'),(60,0,'3326','Santo Pipó'),(61,0,'3364','Salto Encantado'),(62,0,'3376','Wanda');
/*!40000 ALTER TABLE `localidad` ENABLE KEYS */;
UNLOCK TABLES;

--
-- Table structure for table `mes`
--

DROP TABLE IF EXISTS `mes`;
/*!40101 SET @saved_cs_client     = @@character_set_client */;
/*!40101 SET character_set_client = utf8 */;
CREATE TABLE `mes` (
  `NOMBRE` varchar(255) NOT NULL,
  PRIMARY KEY (`NOMBRE`)
) ENGINE=InnoDB DEFAULT CHARSET=utf8;
/*!40101 SET character_set_client = @saved_cs_client */;

--
-- Dumping data for table `mes`
--

LOCK TABLES `mes` WRITE;
/*!40000 ALTER TABLE `mes` DISABLE KEYS */;
INSERT INTO `mes` VALUES ('Abril'),('Agosto'),('Diciembre'),('Enero'),('Febrero'),('Julio'),('Junio'),('Marzo'),('Mayo'),('Nobiembre'),('Octubre'),('Septiembre');
/*!40000 ALTER TABLE `mes` ENABLE KEYS */;
UNLOCK TABLES;

--
-- Table structure for table `pagocuota`
--

DROP TABLE IF EXISTS `pagocuota`;
/*!40101 SET @saved_cs_client     = @@character_set_client */;
/*!40101 SET character_set_client = utf8 */;
CREATE TABLE `pagocuota` (
  `IDPAGOCUOTA` bigint(20) NOT NULL,
  `BORRADOLOGICO` tinyint(1) DEFAULT '0',
  `FECHAPAGO` date DEFAULT NULL,
  `MONTO` double DEFAULT NULL,
  `OBSERVACION` varchar(1000) DEFAULT NULL,
  PRIMARY KEY (`IDPAGOCUOTA`)
) ENGINE=InnoDB DEFAULT CHARSET=utf8;
/*!40101 SET character_set_client = @saved_cs_client */;

--
-- Dumping data for table `pagocuota`
--

LOCK TABLES `pagocuota` WRITE;
/*!40000 ALTER TABLE `pagocuota` DISABLE KEYS */;
INSERT INTO `pagocuota` VALUES (452,0,'2010-02-02',0,'Pago deuda de monto 0'),(456,0,'2002-03-01',0,'Pago deuda de monto 0'),(460,0,'2010-03-17',0,'Pago deuda de monto 0'),(464,0,'2004-05-31',0,'Pago deuda de monto 0'),(468,0,'2008-09-03',0,'Pago deuda de monto 0'),(472,0,'2009-07-30',0,'Pago deuda de monto 0'),(476,0,'2005-10-05',0,'Pago deuda de monto 0'),(480,0,'2005-08-27',0,'Pago deuda de monto 0'),(484,0,'1999-01-27',0,'Pago deuda de monto 0'),(488,0,'2006-06-19',0,'Pago deuda de monto 0'),(492,0,'1999-04-09',0,'Pago deuda de monto 0'),(496,0,'2012-06-14',0,'Pago deuda de monto 0'),(500,0,'2004-06-29',0,'Pago deuda de monto 0'),(504,0,'2013-03-13',0,'Pago deuda de monto 0'),(508,0,'2012-02-07',0,'Pago deuda de monto 0'),(512,0,'2014-01-25',0,'Pago deuda de monto 0'),(516,0,'2000-12-29',0,'Pago deuda de monto 0'),(520,0,'2013-05-16',0,'Pago deuda de monto 0'),(524,0,'2006-09-09',0,'Pago deuda de monto 0'),(528,0,'2002-02-20',0,'Pago deuda de monto 0'),(532,0,'2001-11-21',0,'Pago deuda de monto 0'),(536,0,'2007-10-20',0,'Pago deuda de monto 0'),(540,0,'2008-05-17',0,'Pago deuda de monto 0'),(544,0,'2012-11-01',0,'Pago deuda de monto 0'),(548,0,'1999-06-25',0,'Pago deuda de monto 0'),(552,0,'2000-10-20',0,'Pago deuda de monto 0'),(556,0,'2011-12-07',0,'Pago deuda de monto 0'),(560,0,'2003-06-01',0,'Pago deuda de monto 0'),(564,0,'2002-02-05',0,'Pago deuda de monto 0'),(568,0,'2011-05-26',0,'Pago deuda de monto 0'),(572,0,'2014-02-24',0,'Pago deuda de monto 0'),(576,0,'2004-10-13',0,'Pago deuda de monto 0'),(580,0,'2005-07-09',0,'Pago deuda de monto 0'),(584,0,'2014-06-21',0,'Pago deuda de monto 0'),(588,0,'2008-11-29',0,'Pago deuda de monto 0'),(592,0,'2010-01-13',0,'Pago deuda de monto 0'),(596,0,'2013-03-25',0,'Pago deuda de monto 0'),(600,0,'2001-11-25',0,'Pago deuda de monto 0'),(604,0,'1999-07-09',0,'Pago deuda de monto 0'),(608,0,'2013-04-10',0,'Pago deuda de monto 0'),(612,0,'2013-01-04',0,'Pago deuda de monto 0'),(616,0,'2006-11-08',0,'Pago deuda de monto 0'),(620,0,'2001-10-12',0,'Pago deuda de monto 0'),(624,0,'2012-08-27',0,'Pago deuda de monto 0'),(628,0,'2002-09-20',0,'Pago deuda de monto 0'),(632,0,'2007-01-26',0,'Pago deuda de monto 0'),(636,0,'2014-04-07',0,'Pago deuda de monto 0'),(640,0,'2008-02-12',0,'Pago deuda de monto 0'),(644,0,'2010-05-29',0,'Pago deuda de monto 0'),(648,0,'1999-04-23',0,'Pago deuda de monto 0'),(652,0,'2009-05-27',0,'Pago deuda de monto 0'),(656,0,'2011-02-13',0,'Pago deuda de monto 0'),(660,0,'2008-12-01',0,'Pago deuda de monto 0'),(664,0,'2002-09-20',0,'Pago deuda de monto 0'),(668,0,'2000-08-29',0,'Pago deuda de monto 0'),(672,0,'2008-03-20',0,'Pago deuda de monto 0'),(676,0,'2011-10-10',0,'Pago deuda de monto 0'),(680,0,'2010-12-17',0,'Pago deuda de monto 0'),(684,0,'2010-04-18',0,'Pago deuda de monto 0'),(688,0,'1999-03-25',0,'Pago deuda de monto 0'),(692,0,'2014-02-03',0,'Pago deuda de monto 0'),(696,0,'2005-03-26',0,'Pago deuda de monto 0'),(700,0,'2007-08-18',0,'Pago deuda de monto 0'),(704,0,'2004-09-25',0,'Pago deuda de monto 0'),(708,0,'2010-05-17',0,'Pago deuda de monto 0'),(712,0,'2003-02-10',0,'Pago deuda de monto 0'),(716,0,'2000-04-11',0,'Pago deuda de monto 0'),(720,0,'2010-06-06',0,'Pago deuda de monto 0'),(724,0,'2008-09-18',0,'Pago deuda de monto 0'),(728,0,'2005-03-13',0,'Pago deuda de monto 0'),(732,0,'2008-07-07',0,'Pago deuda de monto 0'),(736,0,'2003-09-07',0,'Pago deuda de monto 0'),(740,0,'2000-12-13',0,'Pago deuda de monto 0'),(744,0,'2005-07-22',0,'Pago deuda de monto 0'),(748,0,'2001-03-02',0,'Pago deuda de monto 0'),(752,0,'2004-12-23',0,'Pago deuda de monto 0'),(756,0,'2012-05-30',0,'Pago deuda de monto 0'),(760,0,'2010-04-01',0,'Pago deuda de monto 0'),(764,0,'2010-02-05',0,'Pago deuda de monto 0'),(768,0,'2001-10-12',0,'Pago deuda de monto 0'),(772,0,'2012-04-11',0,'Pago deuda de monto 0'),(776,0,'2010-09-16',0,'Pago deuda de monto 0'),(780,0,'2004-07-20',0,'Pago deuda de monto 0'),(784,0,'2006-09-22',0,'Pago deuda de monto 0'),(788,0,'2006-12-03',0,'Pago deuda de monto 0'),(792,0,'2003-05-02',0,'Pago deuda de monto 0'),(796,0,'2001-04-16',0,'Pago deuda de monto 0'),(800,0,'2004-03-04',0,'Pago deuda de monto 0'),(804,0,'2000-12-08',0,'Pago deuda de monto 0'),(808,0,'1999-03-14',0,'Pago deuda de monto 0'),(812,0,'2013-02-17',0,'Pago deuda de monto 0'),(816,0,'2000-03-28',0,'Pago deuda de monto 0'),(820,0,'2000-04-23',0,'Pago deuda de monto 0'),(824,0,'2003-07-26',0,'Pago deuda de monto 0'),(828,0,'2007-05-12',0,'Pago deuda de monto 0'),(832,0,'2000-09-10',0,'Pago deuda de monto 0'),(836,0,'2011-01-30',0,'Pago deuda de monto 0'),(840,0,'2012-07-03',0,'Pago deuda de monto 0'),(844,0,'1999-09-12',0,'Pago deuda de monto 0'),(848,0,'2001-05-05',0,'Pago deuda de monto 0'),(852,0,'2010-12-08',0,'Pago deuda de monto 0'),(856,0,'2003-12-17',0,'Pago deuda de monto 0'),(860,0,'2003-04-12',0,'Pago deuda de monto 0'),(864,0,'2002-01-02',0,'Pago deuda de monto 0'),(868,0,'2008-12-12',0,'Pago deuda de monto 0'),(872,0,'2010-07-14',0,'Pago deuda de monto 0'),(876,0,'2003-06-10',0,'Pago deuda de monto 0'),(880,0,'2011-07-31',0,'Pago deuda de monto 0'),(884,0,'2013-05-10',0,'Pago deuda de monto 0'),(888,0,'2000-08-18',0,'Pago deuda de monto 0'),(892,0,'2010-12-19',0,'Pago deuda de monto 0'),(896,0,'2009-12-01',0,'Pago deuda de monto 0'),(900,0,'2001-03-26',0,'Pago deuda de monto 0'),(904,0,'2004-06-02',0,'Pago deuda de monto 0'),(908,0,'2002-12-13',0,'Pago deuda de monto 0'),(912,0,'2002-11-23',0,'Pago deuda de monto 0'),(916,0,'2010-11-30',0,'Pago deuda de monto 0'),(920,0,'2006-08-09',0,'Pago deuda de monto 0'),(924,0,'2009-07-17',0,'Pago deuda de monto 0'),(928,0,'2010-04-13',0,'Pago deuda de monto 0'),(932,0,'2010-09-18',0,'Pago deuda de monto 0'),(936,0,'2010-02-12',0,'Pago deuda de monto 0'),(940,0,'2006-09-27',0,'Pago deuda de monto 0'),(944,0,'2002-10-31',0,'Pago deuda de monto 0'),(948,0,'2013-04-30',0,'Pago deuda de monto 0'),(952,0,'2002-08-27',0,'Pago deuda de monto 0'),(956,0,'2009-07-26',0,'Pago deuda de monto 0'),(960,0,'2006-01-28',0,'Pago deuda de monto 0'),(964,0,'2010-04-19',0,'Pago deuda de monto 0'),(968,0,'2010-10-30',0,'Pago deuda de monto 0'),(972,0,'2003-06-27',0,'Pago deuda de monto 0'),(976,0,'2009-11-21',0,'Pago deuda de monto 0'),(980,0,'2009-11-12',0,'Pago deuda de monto 0'),(984,0,'2002-10-24',0,'Pago deuda de monto 0'),(988,0,'2002-12-14',0,'Pago deuda de monto 0'),(992,0,'2006-04-13',0,'Pago deuda de monto 0'),(996,0,'2012-12-20',0,'Pago deuda de monto 0'),(1000,0,'2005-08-21',0,'Pago deuda de monto 0'),(1004,0,'2005-08-12',0,'Pago deuda de monto 0'),(1008,0,'2009-11-07',0,'Pago deuda de monto 0'),(1012,0,'2002-04-14',0,'Pago deuda de monto 0'),(1016,0,'1999-01-26',0,'Pago deuda de monto 0'),(1020,0,'2005-11-23',0,'Pago deuda de monto 0'),(1024,0,'2001-05-17',0,'Pago deuda de monto 0'),(1028,0,'2006-12-03',0,'Pago deuda de monto 0'),(1032,0,'2007-09-25',0,'Pago deuda de monto 0'),(1036,0,'1999-06-18',0,'Pago deuda de monto 0'),(1040,0,'2013-08-23',0,'Pago deuda de monto 0'),(1044,0,'1999-10-14',0,'Pago deuda de monto 0'),(1048,0,'1999-07-19',0,'Pago deuda de monto 0'),(1052,0,'2012-05-19',0,'Pago deuda de monto 0'),(1056,0,'2000-04-26',0,'Pago deuda de monto 0'),(1060,0,'2008-05-06',0,'Pago deuda de monto 0'),(1064,0,'2006-12-21',0,'Pago deuda de monto 0'),(1068,0,'1999-07-28',0,'Pago deuda de monto 0'),(1072,0,'2014-02-15',0,'Pago deuda de monto 0'),(1076,0,'2003-10-31',0,'Pago deuda de monto 0'),(1080,0,'2006-07-08',0,'Pago deuda de monto 0'),(1084,0,'2005-01-05',0,'Pago deuda de monto 0'),(1088,0,'2011-01-22',0,'Pago deuda de monto 0'),(1092,0,'2009-03-09',0,'Pago deuda de monto 0'),(1096,0,'2001-09-25',0,'Pago deuda de monto 0'),(1100,0,'2009-02-12',0,'Pago deuda de monto 0'),(1104,0,'2004-07-20',0,'Pago deuda de monto 0'),(1108,0,'2002-05-21',0,'Pago deuda de monto 0'),(1112,0,'2007-07-18',0,'Pago deuda de monto 0'),(1116,0,'2013-03-13',0,'Pago deuda de monto 0'),(1120,0,'2006-12-23',0,'Pago deuda de monto 0'),(1124,0,'1999-03-03',0,'Pago deuda de monto 0'),(1128,0,'1999-05-14',0,'Pago deuda de monto 0'),(1132,0,'2006-12-06',0,'Pago deuda de monto 0'),(1136,0,'2011-06-12',0,'Pago deuda de monto 0'),(1140,0,'2004-02-04',0,'Pago deuda de monto 0'),(1144,0,'2012-06-15',0,'Pago deuda de monto 0'),(1148,0,'2005-08-27',0,'Pago deuda de monto 0'),(1152,0,'2003-05-02',0,'Pago deuda de monto 0'),(1156,0,'2007-02-13',0,'Pago deuda de monto 0'),(1160,0,'2004-09-13',0,'Pago deuda de monto 0'),(1164,0,'2003-04-26',0,'Pago deuda de monto 0'),(1168,0,'2007-12-18',0,'Pago deuda de monto 0'),(1172,0,'2012-01-15',0,'Pago deuda de monto 0'),(1176,0,'2004-12-05',0,'Pago deuda de monto 0'),(1180,0,'2007-05-28',0,'Pago deuda de monto 0'),(1184,0,'2003-10-13',0,'Pago deuda de monto 0'),(1188,0,'2012-09-05',0,'Pago deuda de monto 0'),(1192,0,'2001-02-21',0,'Pago deuda de monto 0'),(1196,0,'2002-09-11',0,'Pago deuda de monto 0'),(1200,0,'2004-08-12',0,'Pago deuda de monto 0'),(1204,0,'2001-08-27',0,'Pago deuda de monto 0'),(1208,0,'2011-06-09',0,'Pago deuda de monto 0'),(1212,0,'2004-03-23',0,'Pago deuda de monto 0'),(1216,0,'2001-04-08',0,'Pago deuda de monto 0'),(1220,0,'2013-01-17',0,'Pago deuda de monto 0'),(1224,0,'2004-10-10',0,'Pago deuda de monto 0'),(1228,0,'2010-09-06',0,'Pago deuda de monto 0'),(1232,0,'2013-12-07',0,'Pago deuda de monto 0'),(1236,0,'2001-01-17',0,'Pago deuda de monto 0'),(1240,0,'2007-03-01',0,'Pago deuda de monto 0'),(1244,0,'2003-03-11',0,'Pago deuda de monto 0'),(1248,0,'2013-04-02',0,'Pago deuda de monto 0'),(1252,0,'2005-10-20',0,'Pago deuda de monto 0'),(1256,0,'2009-12-22',0,'Pago deuda de monto 0'),(1260,0,'2001-07-20',0,'Pago deuda de monto 0'),(1264,0,'2002-05-03',0,'Pago deuda de monto 0'),(1268,0,'1999-09-02',0,'Pago deuda de monto 0'),(1272,0,'2009-07-22',0,'Pago deuda de monto 0'),(1276,0,'2012-06-19',0,'Pago deuda de monto 0'),(1280,0,'2004-05-07',0,'Pago deuda de monto 0'),(1284,0,'1999-11-07',0,'Pago deuda de monto 0'),(1288,0,'2007-09-26',0,'Pago deuda de monto 0'),(1292,0,'2014-05-14',0,'Pago deuda de monto 0'),(1296,0,'2006-02-04',0,'Pago deuda de monto 0'),(1300,0,'2006-06-17',0,'Pago deuda de monto 0'),(1304,0,'2014-07-26',0,'Pago deuda de monto 0'),(1308,0,'2009-01-13',0,'Pago deuda de monto 0'),(1312,0,'2006-07-22',0,'Pago deuda de monto 0'),(1316,0,'2000-05-07',0,'Pago deuda de monto 0'),(1320,0,'2012-05-06',0,'Pago deuda de monto 0'),(1324,0,'2000-04-03',0,'Pago deuda de monto 0'),(1328,0,'2005-04-06',0,'Pago deuda de monto 0'),(1332,0,'2010-01-22',0,'Pago deuda de monto 0'),(1336,0,'1999-12-28',0,'Pago deuda de monto 0'),(1340,0,'2006-10-12',0,'Pago deuda de monto 0'),(1344,0,'2009-08-08',0,'Pago deuda de monto 0'),(1348,0,'2012-01-14',0,'Pago deuda de monto 0'),(1352,0,'2010-01-11',0,'Pago deuda de monto 0'),(1356,0,'2014-01-11',0,'Pago deuda de monto 0'),(1360,0,'2006-04-03',0,'Pago deuda de monto 0'),(1364,0,'2003-10-20',0,'Pago deuda de monto 0'),(1368,0,'2008-03-12',0,'Pago deuda de monto 0'),(1372,0,'2012-04-23',0,'Pago deuda de monto 0'),(1376,0,'2011-10-09',0,'Pago deuda de monto 0'),(1380,0,'1999-06-20',0,'Pago deuda de monto 0'),(1384,0,'2000-04-24',0,'Pago deuda de monto 0'),(1388,0,'2014-05-15',0,'Pago deuda de monto 0'),(1392,0,'2011-12-12',0,'Pago deuda de monto 0'),(1396,0,'1999-05-22',0,'Pago deuda de monto 0'),(1400,0,'2005-03-22',0,'Pago deuda de monto 0'),(1404,0,'2006-07-19',0,'Pago deuda de monto 0'),(1408,0,'2003-03-15',0,'Pago deuda de monto 0'),(1412,0,'2010-04-17',0,'Pago deuda de monto 0'),(1416,0,'2000-12-20',0,'Pago deuda de monto 0'),(1420,0,'2014-03-23',0,'Pago deuda de monto 0'),(1424,0,'2004-09-03',0,'Pago deuda de monto 0'),(1428,0,'2000-06-11',0,'Pago deuda de monto 0'),(1432,0,'2004-02-15',0,'Pago deuda de monto 0'),(1436,0,'2002-05-24',0,'Pago deuda de monto 0'),(1440,0,'2008-02-22',0,'Pago deuda de monto 0'),(1444,0,'2001-06-14',0,'Pago deuda de monto 0'),(1448,0,'2011-11-12',0,'Pago deuda de monto 0'),(1452,0,'2005-06-03',0,'Pago deuda de monto 0'),(1456,0,'2004-10-12',0,'Pago deuda de monto 0'),(1460,0,'2010-07-01',0,'Pago deuda de monto 0'),(1464,0,'2003-06-26',0,'Pago deuda de monto 0'),(1468,0,'2010-04-04',0,'Pago deuda de monto 0'),(1472,0,'2009-02-04',0,'Pago deuda de monto 0'),(1476,0,'2001-03-29',0,'Pago deuda de monto 0'),(1480,0,'2007-02-21',0,'Pago deuda de monto 0'),(1484,0,'2001-07-28',0,'Pago deuda de monto 0'),(1488,0,'2007-11-21',0,'Pago deuda de monto 0'),(1492,0,'2002-10-30',0,'Pago deuda de monto 0'),(1496,0,'2005-12-08',0,'Pago deuda de monto 0'),(1500,0,'2014-03-05',0,'Pago deuda de monto 0'),(1504,0,'2010-11-08',0,'Pago deuda de monto 0'),(1508,0,'2007-03-10',0,'Pago deuda de monto 0'),(1512,0,'2013-04-20',0,'Pago deuda de monto 0'),(1516,0,'2001-07-17',0,'Pago deuda de monto 0'),(1520,0,'2001-10-27',0,'Pago deuda de monto 0'),(1524,0,'2008-07-30',0,'Pago deuda de monto 0'),(1528,0,'2005-02-28',0,'Pago deuda de monto 0'),(1532,0,'2006-05-27',0,'Pago deuda de monto 0'),(1536,0,'2009-06-18',0,'Pago deuda de monto 0'),(1540,0,'2009-09-12',0,'Pago deuda de monto 0'),(1544,0,'2000-03-31',0,'Pago deuda de monto 0'),(1548,0,'2002-01-15',0,'Pago deuda de monto 0'),(1552,0,'2004-05-18',0,'Pago deuda de monto 0'),(1556,0,'2003-11-01',0,'Pago deuda de monto 0'),(1560,0,'2011-05-20',0,'Pago deuda de monto 0'),(1564,0,'2008-07-07',0,'Pago deuda de monto 0'),(1568,0,'2009-05-24',0,'Pago deuda de monto 0'),(1572,0,'1999-10-30',0,'Pago deuda de monto 0'),(1576,0,'2001-05-29',0,'Pago deuda de monto 0'),(1580,0,'2012-10-14',0,'Pago deuda de monto 0'),(1584,0,'2000-12-06',0,'Pago deuda de monto 0'),(1588,0,'2000-02-16',0,'Pago deuda de monto 0'),(1592,0,'2009-03-13',0,'Pago deuda de monto 0'),(1596,0,'2014-05-04',0,'Pago deuda de monto 0'),(1600,0,'2010-04-12',0,'Pago deuda de monto 0'),(1604,0,'2005-04-24',0,'Pago deuda de monto 0'),(1608,0,'2005-04-18',0,'Pago deuda de monto 0'),(1612,0,'2000-12-01',0,'Pago deuda de monto 0'),(1616,0,'2001-01-01',0,'Pago deuda de monto 0'),(1620,0,'2005-09-24',0,'Pago deuda de monto 0'),(1624,0,'2013-09-13',0,'Pago deuda de monto 0'),(1628,0,'2003-04-15',0,'Pago deuda de monto 0'),(1632,0,'2013-07-30',0,'Pago deuda de monto 0'),(1636,0,'1999-05-30',0,'Pago deuda de monto 0'),(1640,0,'2005-08-20',0,'Pago deuda de monto 0'),(1644,0,'2010-11-20',0,'Pago deuda de monto 0'),(1648,0,'2004-02-11',0,'Pago deuda de monto 0'),(1652,0,'2010-06-10',0,'Pago deuda de monto 0'),(1656,0,'2013-12-10',0,'Pago deuda de monto 0'),(1660,0,'2002-08-10',0,'Pago deuda de monto 0'),(1664,0,'2014-03-24',0,'Pago deuda de monto 0'),(1668,0,'1999-01-27',0,'Pago deuda de monto 0'),(1672,0,'1999-04-09',0,'Pago deuda de monto 0'),(1676,0,'2000-07-22',0,'Pago deuda de monto 0'),(1680,0,'2010-04-30',0,'Pago deuda de monto 0'),(1684,0,'2002-04-23',0,'Pago deuda de monto 0'),(1688,0,'2004-12-14',0,'Pago deuda de monto 0'),(1692,0,'2008-06-14',0,'Pago deuda de monto 0'),(1696,0,'2010-08-08',0,'Pago deuda de monto 0'),(1700,0,'2003-11-13',0,'Pago deuda de monto 0'),(1704,0,'2010-02-16',0,'Pago deuda de monto 0'),(1708,0,'1999-03-20',0,'Pago deuda de monto 0'),(1712,0,'2006-04-21',0,'Pago deuda de monto 0'),(1716,0,'2006-06-14',0,'Pago deuda de monto 0'),(1720,0,'2009-05-26',0,'Pago deuda de monto 0'),(1724,0,'2006-02-18',0,'Pago deuda de monto 0'),(1728,0,'2004-08-02',0,'Pago deuda de monto 0'),(1732,0,'2010-02-21',0,'Pago deuda de monto 0'),(1736,0,'2008-07-24',0,'Pago deuda de monto 0'),(1740,0,'2002-07-10',0,'Pago deuda de monto 0'),(1744,0,'2010-09-07',0,'Pago deuda de monto 0'),(1748,0,'2001-04-13',0,'Pago deuda de monto 0'),(1752,0,'2011-11-22',0,'Pago deuda de monto 0'),(1756,0,'2014-04-04',0,'Pago deuda de monto 0'),(1760,0,'2012-02-26',0,'Pago deuda de monto 0'),(1764,0,'2011-05-27',0,'Pago deuda de monto 0'),(1768,0,'2011-07-19',0,'Pago deuda de monto 0'),(1772,0,'2000-10-05',0,'Pago deuda de monto 0'),(1776,0,'2000-08-16',0,'Pago deuda de monto 0'),(1780,0,'2013-06-26',0,'Pago deuda de monto 0'),(1784,0,'2004-01-22',0,'Pago deuda de monto 0'),(1788,0,'2003-06-13',0,'Pago deuda de monto 0'),(1792,0,'1999-08-26',0,'Pago deuda de monto 0'),(1796,0,'2007-06-15',0,'Pago deuda de monto 0'),(1800,0,'2004-09-03',0,'Pago deuda de monto 0'),(1804,0,'2010-08-07',0,'Pago deuda de monto 0'),(1808,0,'2007-05-26',0,'Pago deuda de monto 0'),(1812,0,'2011-07-15',0,'Pago deuda de monto 0'),(1816,0,'2008-02-11',0,'Pago deuda de monto 0'),(1820,0,'2010-05-26',0,'Pago deuda de monto 0'),(1824,0,'2010-05-04',0,'Pago deuda de monto 0'),(1828,0,'2003-09-27',0,'Pago deuda de monto 0'),(1832,0,'1999-11-10',0,'Pago deuda de monto 0'),(1836,0,'2006-09-22',0,'Pago deuda de monto 0'),(1840,0,'2007-02-02',0,'Pago deuda de monto 0'),(1844,0,'2008-12-14',0,'Pago deuda de monto 0'),(1848,0,'2012-10-25',0,'Pago deuda de monto 0'),(1852,0,'2000-05-16',0,'Pago deuda de monto 0'),(1856,0,'2008-10-11',0,'Pago deuda de monto 0'),(1860,0,'2002-05-01',0,'Pago deuda de monto 0'),(1864,0,'2010-12-22',0,'Pago deuda de monto 0'),(1868,0,'2012-10-05',0,'Pago deuda de monto 0'),(1872,0,'2001-03-05',0,'Pago deuda de monto 0'),(1876,0,'2010-10-24',0,'Pago deuda de monto 0'),(1880,0,'2003-10-12',0,'Pago deuda de monto 0'),(1884,0,'2009-08-01',0,'Pago deuda de monto 0'),(1888,0,'1999-08-24',0,'Pago deuda de monto 0'),(1892,0,'2011-07-18',0,'Pago deuda de monto 0'),(1896,0,'2009-03-31',0,'Pago deuda de monto 0'),(1900,0,'2006-02-11',0,'Pago deuda de monto 0'),(1904,0,'2004-03-25',0,'Pago deuda de monto 0'),(1908,0,'2008-01-16',0,'Pago deuda de monto 0'),(1912,0,'2002-09-21',0,'Pago deuda de monto 0'),(1916,0,'2003-03-16',0,'Pago deuda de monto 0'),(1920,0,'2002-08-08',0,'Pago deuda de monto 0'),(1924,0,'2012-11-09',0,'Pago deuda de monto 0'),(1928,0,'2012-03-30',0,'Pago deuda de monto 0'),(1932,0,'2007-07-19',0,'Pago deuda de monto 0'),(1936,0,'1999-04-07',0,'Pago deuda de monto 0'),(1940,0,'2007-12-03',0,'Pago deuda de monto 0'),(1944,0,'2014-05-14',0,'Pago deuda de monto 0'),(1948,0,'2006-02-13',0,'Pago deuda de monto 0'),(3251,0,'2015-05-12',130,''),(3261,0,'2015-05-12',100,''),(3265,0,'2015-05-12',55,''),(3301,0,'2015-05-12',55,''),(3302,0,'2015-05-12',100,'');
/*!40000 ALTER TABLE `pagocuota` ENABLE KEYS */;
UNLOCK TABLES;

--
-- Table structure for table `partido`
--

DROP TABLE IF EXISTS `partido`;
/*!40101 SET @saved_cs_client     = @@character_set_client */;
/*!40101 SET character_set_client = utf8 */;
CREATE TABLE `partido` (
  `IDPARTIDO` bigint(20) NOT NULL,
  `BORRADOLOGICO` tinyint(1) DEFAULT '0',
  `FECHA` date DEFAULT NULL,
  `JUGADO` tinyint(1) DEFAULT '0',
  `NOMBREAYUDANTEMESALOCAL` varchar(255) DEFAULT NULL,
  `NOMBREAYUDANTEMESAVISITANTE` varchar(255) DEFAULT NULL,
  `NOMBREVEEDOR` varchar(255) DEFAULT NULL,
  `OBSERVACIONES` varchar(1000) DEFAULT NULL,
  `UNAYUDANTECAMPOLOCAL` longblob,
  `UNAYUDANTECAMPOVISITANTE` longblob,
  `UNDTLOCAL` longblob,
  `UNDTVISITANTE` longblob,
  `UNPREPARADORFISICOLOCAL` longblob,
  `UNPREPARADORFISICOVISITANTE` longblob,
  `UNARBITRO1_DNI` bigint(20) DEFAULT NULL,
  `UNARBITRO2_DNI` bigint(20) DEFAULT NULL,
  `UNARBITRO3_DNI` bigint(20) DEFAULT NULL,
  `UNEQUIPOLOCAL_IDEQUIPO` bigint(20) DEFAULT NULL,
  `UNEQUIPOVISITANTE_IDEQUIPO` bigint(20) DEFAULT NULL,
  `UNACANCHA_IDCANCHA` bigint(20) DEFAULT NULL,
  PRIMARY KEY (`IDPARTIDO`),
  KEY `FK_PARTIDO_UNEQUIPOVISITANTE_IDEQUIPO` (`UNEQUIPOVISITANTE_IDEQUIPO`),
  KEY `FK_PARTIDO_UNARBITRO3_DNI` (`UNARBITRO3_DNI`),
  KEY `FK_PARTIDO_UNEQUIPOLOCAL_IDEQUIPO` (`UNEQUIPOLOCAL_IDEQUIPO`),
  KEY `FK_PARTIDO_UNACANCHA_IDCANCHA` (`UNACANCHA_IDCANCHA`),
  KEY `FK_PARTIDO_UNARBITRO1_DNI` (`UNARBITRO1_DNI`),
  KEY `FK_PARTIDO_UNARBITRO2_DNI` (`UNARBITRO2_DNI`),
  CONSTRAINT `FK_PARTIDO_UNACANCHA_IDCANCHA` FOREIGN KEY (`UNACANCHA_IDCANCHA`) REFERENCES `cancha` (`IDCANCHA`),
  CONSTRAINT `FK_PARTIDO_UNARBITRO1_DNI` FOREIGN KEY (`UNARBITRO1_DNI`) REFERENCES `personaauxiliar` (`DNI`),
  CONSTRAINT `FK_PARTIDO_UNARBITRO2_DNI` FOREIGN KEY (`UNARBITRO2_DNI`) REFERENCES `personaauxiliar` (`DNI`),
  CONSTRAINT `FK_PARTIDO_UNARBITRO3_DNI` FOREIGN KEY (`UNARBITRO3_DNI`) REFERENCES `personaauxiliar` (`DNI`),
  CONSTRAINT `FK_PARTIDO_UNEQUIPOLOCAL_IDEQUIPO` FOREIGN KEY (`UNEQUIPOLOCAL_IDEQUIPO`) REFERENCES `equipo` (`IDEQUIPO`),
  CONSTRAINT `FK_PARTIDO_UNEQUIPOVISITANTE_IDEQUIPO` FOREIGN KEY (`UNEQUIPOVISITANTE_IDEQUIPO`) REFERENCES `equipo` (`IDEQUIPO`)
) ENGINE=InnoDB DEFAULT CHARSET=utf8;
/*!40101 SET character_set_client = @saved_cs_client */;

--
-- Dumping data for table `partido`
--

LOCK TABLES `partido` WRITE;
/*!40000 ALTER TABLE `partido` DISABLE KEYS */;
/*!40000 ALTER TABLE `partido` ENABLE KEYS */;
UNLOCK TABLES;

--
-- Table structure for table `partido_gol`
--

DROP TABLE IF EXISTS `partido_gol`;
/*!40101 SET @saved_cs_client     = @@character_set_client */;
/*!40101 SET character_set_client = utf8 */;
CREATE TABLE `partido_gol` (
  `Partido_IDPARTIDO` bigint(20) NOT NULL,
  `goles_IDGOL` bigint(20) NOT NULL,
  PRIMARY KEY (`Partido_IDPARTIDO`,`goles_IDGOL`),
  KEY `FK_PARTIDO_GOL_goles_IDGOL` (`goles_IDGOL`),
  CONSTRAINT `FK_PARTIDO_GOL_Partido_IDPARTIDO` FOREIGN KEY (`Partido_IDPARTIDO`) REFERENCES `partido` (`IDPARTIDO`),
  CONSTRAINT `FK_PARTIDO_GOL_goles_IDGOL` FOREIGN KEY (`goles_IDGOL`) REFERENCES `gol` (`IDGOL`)
) ENGINE=InnoDB DEFAULT CHARSET=utf8;
/*!40101 SET character_set_client = @saved_cs_client */;

--
-- Dumping data for table `partido_gol`
--

LOCK TABLES `partido_gol` WRITE;
/*!40000 ALTER TABLE `partido_gol` DISABLE KEYS */;
/*!40000 ALTER TABLE `partido_gol` ENABLE KEYS */;
UNLOCK TABLES;

--
-- Table structure for table `partido_jugadoras`
--

DROP TABLE IF EXISTS `partido_jugadoras`;
/*!40101 SET @saved_cs_client     = @@character_set_client */;
/*!40101 SET character_set_client = utf8 */;
CREATE TABLE `partido_jugadoras` (
  `CAMISETA` varchar(255) DEFAULT NULL,
  `LOCAL` tinyint(1) DEFAULT '0',
  `UNASOCIA_DNI` bigint(20) DEFAULT NULL,
  `Partido_IDPARTIDO` bigint(20) DEFAULT NULL,
  KEY `FK_Partido_JUGADORAS_Partido_IDPARTIDO` (`Partido_IDPARTIDO`),
  CONSTRAINT `FK_Partido_JUGADORAS_Partido_IDPARTIDO` FOREIGN KEY (`Partido_IDPARTIDO`) REFERENCES `partido` (`IDPARTIDO`)
) ENGINE=InnoDB DEFAULT CHARSET=utf8;
/*!40101 SET character_set_client = @saved_cs_client */;

--
-- Dumping data for table `partido_jugadoras`
--

LOCK TABLES `partido_jugadoras` WRITE;
/*!40000 ALTER TABLE `partido_jugadoras` DISABLE KEYS */;
/*!40000 ALTER TABLE `partido_jugadoras` ENABLE KEYS */;
UNLOCK TABLES;

--
-- Table structure for table `partido_tarjeta`
--

DROP TABLE IF EXISTS `partido_tarjeta`;
/*!40101 SET @saved_cs_client     = @@character_set_client */;
/*!40101 SET character_set_client = utf8 */;
CREATE TABLE `partido_tarjeta` (
  `Partido_IDPARTIDO` bigint(20) NOT NULL,
  `tarjetas_IDTARJETA` bigint(20) NOT NULL,
  PRIMARY KEY (`Partido_IDPARTIDO`,`tarjetas_IDTARJETA`),
  KEY `FK_PARTIDO_TARJETA_tarjetas_IDTARJETA` (`tarjetas_IDTARJETA`),
  CONSTRAINT `FK_PARTIDO_TARJETA_Partido_IDPARTIDO` FOREIGN KEY (`Partido_IDPARTIDO`) REFERENCES `partido` (`IDPARTIDO`),
  CONSTRAINT `FK_PARTIDO_TARJETA_tarjetas_IDTARJETA` FOREIGN KEY (`tarjetas_IDTARJETA`) REFERENCES `tarjeta` (`IDTARJETA`)
) ENGINE=InnoDB DEFAULT CHARSET=utf8;
/*!40101 SET character_set_client = @saved_cs_client */;

--
-- Dumping data for table `partido_tarjeta`
--

LOCK TABLES `partido_tarjeta` WRITE;
/*!40000 ALTER TABLE `partido_tarjeta` DISABLE KEYS */;
/*!40000 ALTER TABLE `partido_tarjeta` ENABLE KEYS */;
UNLOCK TABLES;

--
-- Table structure for table `pase`
--

DROP TABLE IF EXISTS `pase`;
/*!40101 SET @saved_cs_client     = @@character_set_client */;
/*!40101 SET character_set_client = utf8 */;
CREATE TABLE `pase` (
  `IDPASE` bigint(20) NOT NULL,
  `BORRADOLOGICO` tinyint(1) DEFAULT '0',
  `FECHA` date DEFAULT NULL,
  `LIBREDEUDACLUB` tinyint(1) DEFAULT '0',
  `OBSERVACION` varchar(1000) DEFAULT NULL,
  `SOLICITUDPASE` tinyint(1) DEFAULT '0',
  `UNEQUIPO_IDEQUIPO` bigint(20) DEFAULT NULL,
  `UNADEUDA_IDDEUDA` bigint(20) DEFAULT NULL,
  PRIMARY KEY (`IDPASE`),
  KEY `FK_PASE_UNEQUIPO_IDEQUIPO` (`UNEQUIPO_IDEQUIPO`),
  KEY `FK_PASE_UNADEUDA_IDDEUDA` (`UNADEUDA_IDDEUDA`),
  CONSTRAINT `FK_PASE_UNADEUDA_IDDEUDA` FOREIGN KEY (`UNADEUDA_IDDEUDA`) REFERENCES `deuda` (`IDDEUDA`),
  CONSTRAINT `FK_PASE_UNEQUIPO_IDEQUIPO` FOREIGN KEY (`UNEQUIPO_IDEQUIPO`) REFERENCES `equipo` (`IDEQUIPO`)
) ENGINE=InnoDB DEFAULT CHARSET=utf8;
/*!40101 SET character_set_client = @saved_cs_client */;

--
-- Dumping data for table `pase`
--

LOCK TABLES `pase` WRITE;
/*!40000 ALTER TABLE `pase` DISABLE KEYS */;
INSERT INTO `pase` VALUES (454,0,'2010-02-02',1,'',0,11,453),(458,0,'2002-03-01',1,'',0,13,457),(462,0,'2010-03-17',1,'',0,25,461),(466,0,'2004-05-31',1,'',0,14,465),(470,0,'2008-09-03',1,'',0,10,469),(474,0,'2009-07-30',1,'',0,4,473),(478,0,'2005-10-05',1,'',0,17,477),(482,0,'2005-08-27',1,'',0,3,481),(486,0,'1999-01-27',1,'',0,12,485),(490,0,'2006-06-19',1,'',0,12,489),(494,0,'1999-04-09',1,'',0,6,493),(498,0,'2012-06-14',1,'',0,16,497),(502,0,'2004-06-29',1,'',0,13,501),(506,0,'2013-03-13',1,'',0,13,505),(510,0,'2012-02-07',1,'',0,16,509),(514,0,'2014-01-25',1,'',0,12,513),(518,0,'2000-12-29',1,'',0,12,517),(522,0,'2013-05-16',1,'',0,3,521),(526,0,'2006-09-09',1,'',0,18,525),(530,0,'2002-02-20',1,'',0,25,529),(534,0,'2001-11-21',1,'',0,12,533),(538,0,'2007-10-20',1,'',0,3,537),(542,0,'2008-05-17',1,'',0,13,541),(546,0,'2012-11-01',1,'',0,18,545),(550,0,'1999-06-25',1,'',0,6,549),(554,0,'2000-10-20',1,'',0,10,553),(558,0,'2011-12-07',1,'',0,18,557),(562,0,'2003-06-01',1,'',0,4,561),(566,0,'2002-02-05',1,'',0,20,565),(570,0,'2011-05-26',1,'',0,21,569),(574,0,'2014-02-24',1,'',0,17,573),(578,0,'2004-10-13',1,'',0,20,577),(582,0,'2005-07-09',1,'',0,2,581),(586,0,'2014-06-21',1,'',0,13,585),(590,0,'2008-11-29',1,'',0,3,589),(594,0,'2010-01-13',1,'',0,17,593),(598,0,'2013-03-25',1,'',0,15,597),(602,0,'2001-11-25',1,'',0,20,601),(606,0,'1999-07-09',1,'',0,18,605),(610,0,'2013-04-10',1,'',0,4,609),(614,0,'2013-01-04',1,'',0,4,613),(618,0,'2006-11-08',1,'',0,20,617),(622,0,'2001-10-12',1,'',0,18,621),(626,0,'2012-08-27',1,'',0,5,625),(630,0,'2002-09-20',1,'',0,9,629),(634,0,'2007-01-26',1,'',0,5,633),(638,0,'2014-04-07',1,'',0,13,637),(642,0,'2008-02-12',1,'',0,21,641),(646,0,'2010-05-29',1,'',0,5,645),(650,0,'1999-04-23',1,'',0,16,649),(654,0,'2009-05-27',1,'',0,24,653),(658,0,'2011-02-13',1,'',0,17,657),(662,0,'2008-12-01',1,'',0,16,661),(666,0,'2002-09-20',1,'',0,14,665),(670,0,'2000-08-29',1,'',0,1,669),(674,0,'2008-03-20',1,'',0,20,673),(678,0,'2011-10-10',1,'',0,3,677),(682,0,'2010-12-17',1,'',0,11,681),(686,0,'2010-04-18',1,'',0,2,685),(690,0,'1999-03-25',1,'',0,14,689),(694,0,'2014-02-03',1,'',0,11,693),(698,0,'2005-03-26',1,'',0,4,697),(702,0,'2007-08-18',1,'',0,8,701),(706,0,'2004-09-25',1,'',0,17,705),(710,0,'2010-05-17',1,'',0,8,709),(714,0,'2003-02-10',1,'',0,8,713),(718,0,'2000-04-11',1,'',0,12,717),(722,0,'2010-06-06',1,'',0,14,721),(726,0,'2008-09-18',1,'',0,7,725),(730,0,'2005-03-13',1,'',0,21,729),(734,0,'2008-07-07',1,'',0,14,733),(738,0,'2003-09-07',1,'',0,10,737),(742,0,'2000-12-13',1,'',0,13,741),(746,0,'2005-07-22',1,'',0,8,745),(750,0,'2001-03-02',1,'',0,19,749),(754,0,'2004-12-23',1,'',0,10,753),(758,0,'2012-05-30',1,'',0,20,757),(762,0,'2010-04-01',1,'',0,19,761),(766,0,'2010-02-05',1,'',0,5,765),(770,0,'2001-10-12',1,'',0,15,769),(774,0,'2012-04-11',1,'',0,12,773),(778,0,'2010-09-16',1,'',0,24,777),(782,0,'2004-07-20',1,'',0,13,781),(786,0,'2006-09-22',1,'',0,25,785),(790,0,'2006-12-03',1,'',0,23,789),(794,0,'2003-05-02',1,'',0,17,793),(798,0,'2001-04-16',1,'',0,7,797),(802,0,'2004-03-04',1,'',0,13,801),(806,0,'2000-12-08',1,'',0,12,805),(810,0,'1999-03-14',1,'',0,24,809),(814,0,'2013-02-17',1,'',0,13,813),(818,0,'2000-03-28',1,'',0,3,817),(822,0,'2000-04-23',1,'',0,5,821),(826,0,'2003-07-26',1,'',0,14,825),(830,0,'2007-05-12',1,'',0,25,829),(834,0,'2000-09-10',1,'',0,23,833),(838,0,'2011-01-30',1,'',0,6,837),(842,0,'2012-07-03',1,'',0,23,841),(846,0,'1999-09-12',1,'',0,23,845),(850,0,'2001-05-05',1,'',0,4,849),(854,0,'2010-12-08',1,'',0,15,853),(858,0,'2003-12-17',1,'',0,2,857),(862,0,'2003-04-12',1,'',0,12,861),(866,0,'2002-01-02',1,'',0,5,865),(870,0,'2008-12-12',1,'',0,10,869),(874,0,'2010-07-14',1,'',0,17,873),(878,0,'2003-06-10',1,'',0,3,877),(882,0,'2011-07-31',1,'',0,8,881),(886,0,'2013-05-10',1,'',0,2,885),(890,0,'2000-08-18',1,'',0,18,889),(894,0,'2010-12-19',1,'',0,18,893),(898,0,'2009-12-01',1,'',0,20,897),(902,0,'2001-03-26',1,'',0,13,901),(906,0,'2004-06-02',1,'',0,10,905),(910,0,'2002-12-13',1,'',0,24,909),(914,0,'2002-11-23',1,'',0,10,913),(918,0,'2010-11-30',1,'',0,19,917),(922,0,'2006-08-09',1,'',0,5,921),(926,0,'2009-07-17',1,'',0,6,925),(930,0,'2010-04-13',1,'',0,14,929),(934,0,'2010-09-18',1,'',0,13,933),(938,0,'2010-02-12',1,'',0,16,937),(942,0,'2006-09-27',1,'',0,5,941),(946,0,'2002-10-31',1,'',0,3,945),(950,0,'2013-04-30',1,'',0,9,949),(954,0,'2002-08-27',1,'',0,25,953),(958,0,'2009-07-26',1,'',0,11,957),(962,0,'2006-01-28',1,'',0,13,961),(966,0,'2010-04-19',1,'',0,5,965),(970,0,'2010-10-30',1,'',0,5,969),(974,0,'2003-06-27',1,'',0,1,973),(978,0,'2009-11-21',1,'',0,6,977),(982,0,'2009-11-12',1,'',0,3,981),(986,0,'2002-10-24',1,'',0,2,985),(990,0,'2002-12-14',1,'',0,4,989),(994,0,'2006-04-13',1,'',0,11,993),(998,0,'2012-12-20',1,'',0,13,997),(1002,0,'2005-08-21',1,'',0,1,1001),(1006,0,'2005-08-12',1,'',0,23,1005),(1010,0,'2009-11-07',1,'',0,11,1009),(1014,0,'2002-04-14',1,'',0,17,1013),(1018,0,'1999-01-26',1,'',0,19,1017),(1022,0,'2005-11-23',1,'',0,24,1021),(1026,0,'2001-05-17',1,'',0,24,1025),(1030,0,'2006-12-03',1,'',0,16,1029),(1034,0,'2007-09-25',1,'',0,25,1033),(1038,0,'1999-06-18',1,'',0,13,1037),(1042,0,'2013-08-23',1,'',0,5,1041),(1046,0,'1999-10-14',1,'',0,14,1045),(1050,0,'1999-07-19',1,'',0,10,1049),(1054,0,'2012-05-19',1,'',0,11,1053),(1058,0,'2000-04-26',1,'',0,6,1057),(1062,0,'2008-05-06',1,'',0,6,1061),(1066,0,'2006-12-21',1,'',0,21,1065),(1070,0,'1999-07-28',1,'',0,23,1069),(1074,0,'2014-02-15',1,'',0,21,1073),(1078,0,'2003-10-31',1,'',0,20,1077),(1082,0,'2006-07-08',1,'',0,6,1081),(1086,0,'2005-01-05',1,'',0,14,1085),(1090,0,'2011-01-22',1,'',0,13,1089),(1094,0,'2009-03-09',1,'',0,5,1093),(1098,0,'2001-09-25',1,'',0,4,1097),(1102,0,'2009-02-12',1,'',0,18,1101),(1106,0,'2004-07-20',1,'',0,16,1105),(1110,0,'2002-05-21',1,'',0,18,1109),(1114,0,'2007-07-18',1,'',0,22,1113),(1118,0,'2013-03-13',1,'',0,9,1117),(1122,0,'2006-12-23',1,'',0,19,1121),(1126,0,'1999-03-03',1,'',0,18,1125),(1130,0,'1999-05-14',1,'',0,18,1129),(1134,0,'2006-12-06',1,'',0,24,1133),(1138,0,'2011-06-12',1,'',0,5,1137),(1142,0,'2004-02-04',1,'',0,2,1141),(1146,0,'2012-06-15',1,'',0,14,1145),(1150,0,'2005-08-27',1,'',0,25,1149),(1154,0,'2003-05-02',1,'',0,12,1153),(1158,0,'2007-02-13',1,'',0,6,1157),(1162,0,'2004-09-13',1,'',0,11,1161),(1166,0,'2003-04-26',1,'',0,7,1165),(1170,0,'2007-12-18',1,'',0,12,1169),(1174,0,'2012-01-15',1,'',0,4,1173),(1178,0,'2004-12-05',1,'',0,11,1177),(1182,0,'2007-05-28',1,'',0,21,1181),(1186,0,'2003-10-13',1,'',0,8,1185),(1190,0,'2012-09-05',1,'',0,3,1189),(1194,0,'2001-02-21',1,'',0,16,1193),(1198,0,'2002-09-11',1,'',0,7,1197),(1202,0,'2004-08-12',1,'',0,24,1201),(1206,0,'2001-08-27',1,'',0,12,1205),(1210,0,'2011-06-09',1,'',0,23,1209),(1214,0,'2004-03-23',1,'',0,6,1213),(1218,0,'2001-04-08',1,'',0,10,1217),(1222,0,'2013-01-17',1,'',0,15,1221),(1226,0,'2004-10-10',1,'',0,5,1225),(1230,0,'2010-09-06',1,'',0,4,1229),(1234,0,'2013-12-07',1,'',0,24,1233),(1238,0,'2001-01-17',1,'',0,20,1237),(1242,0,'2007-03-01',1,'',0,4,1241),(1246,0,'2003-03-11',1,'',0,16,1245),(1250,0,'2013-04-02',1,'',0,14,1249),(1254,0,'2005-10-20',1,'',0,19,1253),(1258,0,'2009-12-22',1,'',0,16,1257),(1262,0,'2001-07-20',1,'',0,12,1261),(1266,0,'2002-05-03',1,'',0,2,1265),(1270,0,'1999-09-02',1,'',0,15,1269),(1274,0,'2009-07-22',1,'',0,14,1273),(1278,0,'2012-06-19',1,'',0,15,1277),(1282,0,'2004-05-07',1,'',0,2,1281),(1286,0,'1999-11-07',1,'',0,6,1285),(1290,0,'2007-09-26',1,'',0,3,1289),(1294,0,'2014-05-14',1,'',0,17,1293),(1298,0,'2006-02-04',1,'',0,7,1297),(1302,0,'2006-06-17',1,'',0,22,1301),(1306,0,'2014-07-26',1,'',0,2,1305),(1310,0,'2009-01-13',1,'',0,9,1309),(1314,0,'2006-07-22',1,'',0,19,1313),(1318,0,'2000-05-07',1,'',0,11,1317),(1322,0,'2012-05-06',1,'',0,4,1321),(1326,0,'2000-04-03',1,'',0,18,1325),(1330,0,'2005-04-06',1,'',0,24,1329),(1334,0,'2010-01-22',1,'',0,24,1333),(1338,0,'1999-12-28',1,'',0,7,1337),(1342,0,'2006-10-12',1,'',0,16,1341),(1346,0,'2009-08-08',1,'',0,21,1345),(1350,0,'2012-01-14',1,'',0,8,1349),(1354,0,'2010-01-11',1,'',0,21,1353),(1358,0,'2014-01-11',1,'',0,20,1357),(1362,0,'2006-04-03',1,'',0,8,1361),(1366,0,'2003-10-20',1,'',0,16,1365),(1370,0,'2008-03-12',1,'',0,13,1369),(1374,0,'2012-04-23',1,'',0,8,1373),(1378,0,'2011-10-09',1,'',0,23,1377),(1382,0,'1999-06-20',1,'',0,21,1381),(1386,0,'2000-04-24',1,'',0,14,1385),(1390,0,'2014-05-15',1,'',0,4,1389),(1394,0,'2011-12-12',1,'',0,15,1393),(1398,0,'1999-05-22',1,'',0,18,1397),(1402,0,'2005-03-22',1,'',0,6,1401),(1406,0,'2006-07-19',1,'',0,5,1405),(1410,0,'2003-03-15',1,'',0,23,1409),(1414,0,'2010-04-17',1,'',0,20,1413),(1418,0,'2000-12-20',1,'',0,4,1417),(1422,0,'2014-03-23',1,'',0,7,1421),(1426,0,'2004-09-03',1,'',0,2,1425),(1430,0,'2000-06-11',1,'',0,5,1429),(1434,0,'2004-02-15',1,'',0,14,1433),(1438,0,'2002-05-24',1,'',0,7,1437),(1442,0,'2008-02-22',1,'',0,2,1441),(1446,0,'2001-06-14',1,'',0,20,1445),(1450,0,'2011-11-12',1,'',0,7,1449),(1454,0,'2005-06-03',1,'',0,6,1453),(1458,0,'2004-10-12',1,'',0,25,1457),(1462,0,'2010-07-01',1,'',0,8,1461),(1466,0,'2003-06-26',1,'',0,13,1465),(1470,0,'2010-04-04',1,'',0,14,1469),(1474,0,'2009-02-04',1,'',0,16,1473),(1478,0,'2001-03-29',1,'',0,2,1477),(1482,0,'2007-02-21',1,'',0,17,1481),(1486,0,'2001-07-28',1,'',0,17,1485),(1490,0,'2007-11-21',1,'',0,12,1489),(1494,0,'2002-10-30',1,'',0,3,1493),(1498,0,'2005-12-08',1,'',0,23,1497),(1502,0,'2014-03-05',1,'',0,19,1501),(1506,0,'2010-11-08',1,'',0,19,1505),(1510,0,'2007-03-10',1,'',0,25,1509),(1514,0,'2013-04-20',1,'',0,3,1513),(1518,0,'2001-07-17',1,'',0,25,1517),(1522,0,'2001-10-27',1,'',0,20,1521),(1526,0,'2008-07-30',1,'',0,15,1525),(1530,0,'2005-02-28',1,'',0,3,1529),(1534,0,'2006-05-27',1,'',0,17,1533),(1538,0,'2009-06-18',1,'',0,8,1537),(1542,0,'2009-09-12',1,'',0,6,1541),(1546,0,'2000-03-31',1,'',0,7,1545),(1550,0,'2002-01-15',1,'',0,16,1549),(1554,0,'2004-05-18',1,'',0,16,1553),(1558,0,'2003-11-01',1,'',0,8,1557),(1562,0,'2011-05-20',1,'',0,22,1561),(1566,0,'2008-07-07',1,'',0,10,1565),(1570,0,'2009-05-24',1,'',0,9,1569),(1574,0,'1999-10-30',1,'',0,16,1573),(1578,0,'2001-05-29',1,'',0,8,1577),(1582,0,'2012-10-14',1,'',0,3,1581),(1586,0,'2000-12-06',1,'',0,24,1585),(1590,0,'2000-02-16',1,'',0,5,1589),(1594,0,'2009-03-13',1,'',0,10,1593),(1598,0,'2014-05-04',1,'',0,6,1597),(1602,0,'2010-04-12',1,'',0,25,1601),(1606,0,'2005-04-24',1,'',0,18,1605),(1610,0,'2005-04-18',1,'',0,9,1609),(1614,0,'2000-12-01',1,'',0,5,1613),(1618,0,'2001-01-01',1,'',0,10,1617),(1622,0,'2005-09-24',1,'',0,17,1621),(1626,0,'2013-09-13',1,'',0,17,1625),(1630,0,'2003-04-15',1,'',0,22,1629),(1634,0,'2013-07-30',1,'',0,15,1633),(1638,0,'1999-05-30',1,'',0,6,1637),(1642,0,'2005-08-20',1,'',0,10,1641),(1646,0,'2010-11-20',1,'',0,2,1645),(1650,0,'2004-02-11',1,'',0,24,1649),(1654,0,'2010-06-10',1,'',0,20,1653),(1658,0,'2013-12-10',1,'',0,1,1657),(1662,0,'2002-08-10',1,'',0,24,1661),(1666,0,'2014-03-24',1,'',0,9,1665),(1670,0,'1999-01-27',1,'',0,1,1669),(1674,0,'1999-04-09',1,'',0,9,1673),(1678,0,'2000-07-22',1,'',0,14,1677),(1682,0,'2010-04-30',1,'',0,21,1681),(1686,0,'2002-04-23',1,'',0,18,1685),(1690,0,'2004-12-14',1,'',0,4,1689),(1694,0,'2008-06-14',1,'',0,25,1693),(1698,0,'2010-08-08',1,'',0,8,1697),(1702,0,'2003-11-13',1,'',0,10,1701),(1706,0,'2010-02-16',1,'',0,5,1705),(1710,0,'1999-03-20',1,'',0,1,1709),(1714,0,'2006-04-21',1,'',0,18,1713),(1718,0,'2006-06-14',1,'',0,7,1717),(1722,0,'2009-05-26',1,'',0,18,1721),(1726,0,'2006-02-18',1,'',0,3,1725),(1730,0,'2004-08-02',1,'',0,20,1729),(1734,0,'2010-02-21',1,'',0,6,1733),(1738,0,'2008-07-24',1,'',0,6,1737),(1742,0,'2002-07-10',1,'',0,18,1741),(1746,0,'2010-09-07',1,'',0,14,1745),(1750,0,'2001-04-13',1,'',0,11,1749),(1754,0,'2011-11-22',1,'',0,13,1753),(1758,0,'2014-04-04',1,'',0,25,1757),(1762,0,'2012-02-26',1,'',0,1,1761),(1766,0,'2011-05-27',1,'',0,3,1765),(1770,0,'2011-07-19',1,'',0,13,1769),(1774,0,'2000-10-05',1,'',0,23,1773),(1778,0,'2000-08-16',1,'',0,11,1777),(1782,0,'2013-06-26',1,'',0,7,1781),(1786,0,'2004-01-22',1,'',0,5,1785),(1790,0,'2003-06-13',1,'',0,13,1789),(1794,0,'1999-08-26',1,'',0,5,1793),(1798,0,'2007-06-15',1,'',0,9,1797),(1802,0,'2004-09-03',1,'',0,12,1801),(1806,0,'2010-08-07',1,'',0,15,1805),(1810,0,'2007-05-26',1,'',0,1,1809),(1814,0,'2011-07-15',1,'',0,20,1813),(1818,0,'2008-02-11',1,'',0,10,1817),(1822,0,'2010-05-26',1,'',0,7,1821),(1826,0,'2010-05-04',1,'',0,20,1825),(1830,0,'2003-09-27',1,'',0,15,1829),(1834,0,'1999-11-10',1,'',0,20,1833),(1838,0,'2006-09-22',1,'',0,5,1837),(1842,0,'2007-02-02',1,'',0,18,1841),(1846,0,'2008-12-14',1,'',0,20,1845),(1850,0,'2012-10-25',1,'',0,16,1849),(1854,0,'2000-05-16',1,'',0,6,1853),(1858,0,'2008-10-11',1,'',0,13,1857),(1862,0,'2002-05-01',1,'',0,15,1861),(1866,0,'2010-12-22',1,'',0,19,1865),(1870,0,'2012-10-05',1,'',0,24,1869),(1874,0,'2001-03-05',1,'',0,23,1873),(1878,0,'2010-10-24',1,'',0,16,1877),(1882,0,'2003-10-12',1,'',0,15,1881),(1886,0,'2009-08-01',1,'',0,14,1885),(1890,0,'1999-08-24',1,'',0,24,1889),(1894,0,'2011-07-18',1,'',0,19,1893),(1898,0,'2009-03-31',1,'',0,19,1897),(1902,0,'2006-02-11',1,'',0,15,1901),(1906,0,'2004-03-25',1,'',0,23,1905),(1910,0,'2008-01-16',1,'',0,13,1909),(1914,0,'2002-09-21',1,'',0,2,1913),(1918,0,'2003-03-16',1,'',0,24,1917),(1922,0,'2002-08-08',1,'',0,7,1921),(1926,0,'2012-11-09',1,'',0,15,1925),(1930,0,'2012-03-30',1,'',0,6,1929),(1934,0,'2007-07-19',1,'',0,21,1933),(1938,0,'1999-04-07',1,'',0,10,1937),(1942,0,'2007-12-03',1,'',0,2,1941),(1946,0,'2014-05-14',1,'',0,9,1945),(1950,0,'2006-02-13',1,'',0,24,1949);
/*!40000 ALTER TABLE `pase` ENABLE KEYS */;
UNLOCK TABLES;

--
-- Table structure for table `personaauxiliar`
--

DROP TABLE IF EXISTS `personaauxiliar`;
/*!40101 SET @saved_cs_client     = @@character_set_client */;
/*!40101 SET character_set_client = utf8 */;
CREATE TABLE `personaauxiliar` (
  `DNI` bigint(20) NOT NULL,
  `APELLIDO` varchar(100) DEFAULT NULL,
  `ARBITRO` tinyint(1) DEFAULT '0',
  `BORRADOLOGICO` tinyint(1) DEFAULT '0',
  `CUERPOTECNICO` tinyint(1) DEFAULT '0',
  `CUERPOTECNICOACTIVO` tinyint(1) DEFAULT '0',
  `DOMICILIO` varchar(255) DEFAULT NULL,
  `EMAIL` varchar(100) DEFAULT NULL,
  `FECHAINGRESO` date DEFAULT NULL,
  `FECHANACIMIENTO` date DEFAULT NULL,
  `FOTOCOPIADNI` longblob,
  `NOMBRE` varchar(100) DEFAULT NULL,
  `PLANTAPERMANENTE` tinyint(1) DEFAULT '0',
  `TELCELULAR` varchar(255) DEFAULT NULL,
  `TELFIJO` varchar(255) DEFAULT NULL,
  `UNALOCALIDAD_IDLOCALIDAD` bigint(20) DEFAULT NULL,
  PRIMARY KEY (`DNI`),
  KEY `FK_PERSONAAUXILIAR_UNALOCALIDAD_IDLOCALIDAD` (`UNALOCALIDAD_IDLOCALIDAD`),
  CONSTRAINT `FK_PERSONAAUXILIAR_UNALOCALIDAD_IDLOCALIDAD` FOREIGN KEY (`UNALOCALIDAD_IDLOCALIDAD`) REFERENCES `localidad` (`IDLOCALIDAD`)
) ENGINE=InnoDB DEFAULT CHARSET=utf8;
/*!40101 SET character_set_client = @saved_cs_client */;

--
-- Dumping data for table `personaauxiliar`
--

LOCK TABLES `personaauxiliar` WRITE;
/*!40000 ALTER TABLE `personaauxiliar` DISABLE KEYS */;
INSERT INTO `personaauxiliar` VALUES (24558997,'Genessini',1,0,1,0,'Sarmiento412','Genessini@gmail.com','2003-02-14','1972-11-03','','Fernando',0,'37646699745','',1),(27633987,'Traverso',1,0,1,0,'Israel411','Traverso@gmail.com','2002-05-13','1974-12-23','','Francisca',0,'3764159763','',1),(28745663,'Elizondo',1,0,0,0,'LaRioja','Elizondo@gmail.com','2008-01-23','1958-10-03','','Sarsenio',0,'37646654123','',1),(28996332,'Hojaldre',1,0,1,0,'Saltalafea147','Hojaldre@gmail.com','2008-04-05','1970-07-13','','Claudia',0,'3764348712','',1),(28996333,'Rojas',1,0,1,0,'Saltalafea147','Hojaldre@gmail.com','2008-04-05','1970-07-13','','Rocio',0,'3764348712','',1),(28996334,'Andrusisin',1,0,1,0,'Saltalafea147','Hojaldre@gmail.com','2008-04-05','1970-07-13','','Angelica',0,'3764348712','',1),(28996335,'Gomes',1,0,1,0,'Saltalafea147','Hojaldre@gmail.com','2008-04-05','1970-07-13','','Belen',0,'3764348712','',1),(28996336,'Gilbert',1,0,1,0,'Saltalafea147','Hojaldre@gmail.com','2008-04-05','1970-07-13','','Andrea',0,'3764348712','',1),(28996337,'Vegas',1,0,1,0,'Saltalafea147','Hojaldre@gmail.com','2008-04-05','1970-07-13','','Romina',0,'3764348712','',1),(28996338,'Rambo',1,0,1,0,'Saltalafea147','Hojaldre@gmail.com','2008-04-05','1970-07-13','','Soledad',0,'3764348712','',1),(28996339,'Olivera',1,0,1,0,'Saltalafea147','Hojaldre@gmail.com','2008-04-05','1970-07-13','','Isabel',0,'3764348712','',1),(28996340,'Camissasa',1,0,1,0,'Saltalafea147','Hojaldre@gmail.com','2008-04-05','1970-07-13','','Mariela',0,'3764348712','',1),(28996341,'Oberstar',1,0,1,0,'Saltalafea147','Hojaldre@gmail.com','2008-04-05','1970-07-13','','Marisa',0,'3764348712','',1),(28996342,'Montoto',1,0,1,0,'Saltalafea147','Hojaldre@gmail.com','2008-04-05','1970-07-13','','Silvina',0,'3764348712','',1),(28996343,'Fortunato',1,0,1,0,'Saltalafea147','Hojaldre@gmail.com','2008-04-05','1970-07-13','','Ruth',0,'3764348712','',1),(28996344,'Sanadria',1,0,1,0,'Saltalafea147','Hojaldre@gmail.com','2008-04-05','1970-07-13','','Mariana',0,'3764348712','',1),(28996345,'Bianchi',1,0,1,0,'Saltalafea147','Hojaldre@gmail.com','2008-04-05','1970-07-13','','Maria',0,'3764348712','',1),(28996346,'Sorje',1,0,1,0,'Saltalafea147','Hojaldre@gmail.com','2008-04-05','1970-07-13','','Mabel',0,'3764348712','',1),(28996347,'Justiniano',1,0,1,0,'Saltalafea147','Hojaldre@gmail.com','2008-04-05','1970-07-13','','Liliana',0,'3764348712','',1),(28996348,'Lichsten',1,0,1,0,'Saltalafea147','Hojaldre@gmail.com','2008-04-05','1970-07-13','','Alejandra',0,'3764348712','',1),(28996349,'Toledo',1,0,1,0,'Saltalafea147','Hojaldre@gmail.com','2008-04-05','1970-07-13','','Gladis',0,'3764348712','',1),(28996350,'Kilimilk',1,0,1,0,'Saltalafea147','Hojaldre@gmail.com','2008-04-05','1970-07-13','','Sandra',0,'3764348712','',1),(28996351,'Allende',1,0,1,0,'Saltalafea147','Hojaldre@gmail.com','2008-04-05','1970-07-13','','Nilda',0,'3764348712','',1),(28996352,'Sapuaitano',1,0,1,0,'Saltalafea147','Hojaldre@gmail.com','2008-04-05','1970-07-13','','Graciela',0,'3764348712','',1),(28996353,'Fantino',1,0,1,0,'Saltalafea147','Hojaldre@gmail.com','2008-04-05','1970-07-13','','Florencia',0,'3764348712','',1),(29665741,'Lopez',1,0,1,0,'EntreRios213','lopezito@gmail.com','2010-03-14','1971-12-20','','Horacio',0,'3764887554','',1),(30251132,'Rojitas',0,0,1,0,'TeentraAgua141','Rojitas@gmail.com','2006-01-23','1969-10-03','','Facundo',0,'3764887554','',1);
/*!40000 ALTER TABLE `personaauxiliar` ENABLE KEYS */;
UNLOCK TABLES;

--
-- Table structure for table `personaauxiliar_actascompromiso`
--

DROP TABLE IF EXISTS `personaauxiliar_actascompromiso`;
/*!40101 SET @saved_cs_client     = @@character_set_client */;
/*!40101 SET character_set_client = utf8 */;
CREATE TABLE `personaauxiliar_actascompromiso` (
  `PersonaAuxiliar_DNI` bigint(20) DEFAULT NULL,
  `ACTASCOMPROMISO` date DEFAULT NULL,
  KEY `PersonaAuxiliar_ACTASCOMPROMISOPersonaAuxiliar_DNI` (`PersonaAuxiliar_DNI`),
  CONSTRAINT `PersonaAuxiliar_ACTASCOMPROMISOPersonaAuxiliar_DNI` FOREIGN KEY (`PersonaAuxiliar_DNI`) REFERENCES `personaauxiliar` (`DNI`)
) ENGINE=InnoDB DEFAULT CHARSET=utf8;
/*!40101 SET character_set_client = @saved_cs_client */;

--
-- Dumping data for table `personaauxiliar_actascompromiso`
--

LOCK TABLES `personaauxiliar_actascompromiso` WRITE;
/*!40000 ALTER TABLE `personaauxiliar_actascompromiso` DISABLE KEYS */;
/*!40000 ALTER TABLE `personaauxiliar_actascompromiso` ENABLE KEYS */;
UNLOCK TABLES;

--
-- Table structure for table `personaauxiliar_sanciontribunal`
--

DROP TABLE IF EXISTS `personaauxiliar_sanciontribunal`;
/*!40101 SET @saved_cs_client     = @@character_set_client */;
/*!40101 SET character_set_client = utf8 */;
CREATE TABLE `personaauxiliar_sanciontribunal` (
  `PersonaAuxiliar_DNI` bigint(20) NOT NULL,
  `sancionesTribunal_IDSANCIONTRIBUNAL` bigint(20) NOT NULL,
  PRIMARY KEY (`PersonaAuxiliar_DNI`,`sancionesTribunal_IDSANCIONTRIBUNAL`),
  KEY `PRSNXLRSANCIONTRIBUNALsncnsTrbnalIDSANCIONTRIBUNAL` (`sancionesTribunal_IDSANCIONTRIBUNAL`),
  CONSTRAINT `PERSONAAUXILIAR_SANCIONTRIBUNALPersonaAuxiliar_DNI` FOREIGN KEY (`PersonaAuxiliar_DNI`) REFERENCES `personaauxiliar` (`DNI`),
  CONSTRAINT `PRSNXLRSANCIONTRIBUNALsncnsTrbnalIDSANCIONTRIBUNAL` FOREIGN KEY (`sancionesTribunal_IDSANCIONTRIBUNAL`) REFERENCES `sanciontribunal` (`IDSANCIONTRIBUNAL`)
) ENGINE=InnoDB DEFAULT CHARSET=utf8;
/*!40101 SET character_set_client = @saved_cs_client */;

--
-- Dumping data for table `personaauxiliar_sanciontribunal`
--

LOCK TABLES `personaauxiliar_sanciontribunal` WRITE;
/*!40000 ALTER TABLE `personaauxiliar_sanciontribunal` DISABLE KEYS */;
/*!40000 ALTER TABLE `personaauxiliar_sanciontribunal` ENABLE KEYS */;
UNLOCK TABLES;

--
-- Table structure for table `planillapago`
--

DROP TABLE IF EXISTS `planillapago`;
/*!40101 SET @saved_cs_client     = @@character_set_client */;
/*!40101 SET character_set_client = utf8 */;
CREATE TABLE `planillapago` (
  `ID` bigint(20) NOT NULL,
  `FECHAPAGO` date DEFAULT NULL,
  `MONTO` double DEFAULT NULL,
  `NRORECIBO` bigint(20) DEFAULT NULL,
  `RUTAPDF` varchar(255) DEFAULT NULL,
  `RESPONSABLEPAGO_DNI` bigint(20) DEFAULT NULL,
  PRIMARY KEY (`ID`),
  KEY `FK_PLANILLAPAGO_RESPONSABLEPAGO_DNI` (`RESPONSABLEPAGO_DNI`),
  CONSTRAINT `FK_PLANILLAPAGO_RESPONSABLEPAGO_DNI` FOREIGN KEY (`RESPONSABLEPAGO_DNI`) REFERENCES `socia` (`DNI`)
) ENGINE=InnoDB DEFAULT CHARSET=utf8;
/*!40101 SET character_set_client = @saved_cs_client */;

--
-- Dumping data for table `planillapago`
--

LOCK TABLES `planillapago` WRITE;
/*!40000 ALTER TABLE `planillapago` DISABLE KEYS */;
/*!40000 ALTER TABLE `planillapago` ENABLE KEYS */;
UNLOCK TABLES;

--
-- Table structure for table `sanciontribunal`
--

DROP TABLE IF EXISTS `sanciontribunal`;
/*!40101 SET @saved_cs_client     = @@character_set_client */;
/*!40101 SET character_set_client = utf8 */;
CREATE TABLE `sanciontribunal` (
  `IDSANCIONTRIBUNAL` bigint(20) NOT NULL,
  `BORRADOLOGICO` tinyint(1) DEFAULT '0',
  `CANTFECHAS` int(11) DEFAULT NULL,
  `CANTFECHASCUMPLIDAS` int(11) DEFAULT NULL,
  `DETALLES` varchar(1000) DEFAULT NULL,
  `FECHA` date DEFAULT NULL,
  `MOTIVO` varchar(1000) DEFAULT NULL,
  `NUMERORESOLUCION` varchar(255) DEFAULT NULL,
  `VENCIMIENTO` date DEFAULT NULL,
  `UNPARTIDO_IDPARTIDO` bigint(20) DEFAULT NULL,
  `UNATARJETA_IDTARJETA` bigint(20) DEFAULT NULL,
  PRIMARY KEY (`IDSANCIONTRIBUNAL`),
  KEY `FK_SANCIONTRIBUNAL_UNPARTIDO_IDPARTIDO` (`UNPARTIDO_IDPARTIDO`),
  KEY `FK_SANCIONTRIBUNAL_UNATARJETA_IDTARJETA` (`UNATARJETA_IDTARJETA`),
  CONSTRAINT `FK_SANCIONTRIBUNAL_UNATARJETA_IDTARJETA` FOREIGN KEY (`UNATARJETA_IDTARJETA`) REFERENCES `tarjeta` (`IDTARJETA`),
  CONSTRAINT `FK_SANCIONTRIBUNAL_UNPARTIDO_IDPARTIDO` FOREIGN KEY (`UNPARTIDO_IDPARTIDO`) REFERENCES `partido` (`IDPARTIDO`)
) ENGINE=InnoDB DEFAULT CHARSET=utf8;
/*!40101 SET character_set_client = @saved_cs_client */;

--
-- Dumping data for table `sanciontribunal`
--

LOCK TABLES `sanciontribunal` WRITE;
/*!40000 ALTER TABLE `sanciontribunal` DISABLE KEYS */;
/*!40000 ALTER TABLE `sanciontribunal` ENABLE KEYS */;
UNLOCK TABLES;

--
-- Table structure for table `sequence`
--

DROP TABLE IF EXISTS `sequence`;
/*!40101 SET @saved_cs_client     = @@character_set_client */;
/*!40101 SET character_set_client = utf8 */;
CREATE TABLE `sequence` (
  `SEQ_NAME` varchar(50) NOT NULL,
  `SEQ_COUNT` decimal(38,0) DEFAULT NULL,
  PRIMARY KEY (`SEQ_NAME`)
) ENGINE=InnoDB DEFAULT CHARSET=utf8;
/*!40101 SET character_set_client = @saved_cs_client */;

--
-- Dumping data for table `sequence`
--

LOCK TABLES `sequence` WRITE;
/*!40000 ALTER TABLE `sequence` DISABLE KEYS */;
INSERT INTO `sequence` VALUES ('SEQ_GEN',3400);
/*!40000 ALTER TABLE `sequence` ENABLE KEYS */;
UNLOCK TABLES;

--
-- Table structure for table `socia`
--

DROP TABLE IF EXISTS `socia`;
/*!40101 SET @saved_cs_client     = @@character_set_client */;
/*!40101 SET character_set_client = utf8 */;
CREATE TABLE `socia` (
  `DNI` bigint(20) NOT NULL,
  `APELLIDO` varchar(100) DEFAULT NULL,
  `BORRADOLOGICO` tinyint(1) DEFAULT '0',
  `DOMICILIO` varchar(255) DEFAULT NULL,
  `EMAIL` varchar(100) DEFAULT NULL,
  `EXJUGADORA` tinyint(1) DEFAULT '0',
  `FECHAINGRESO` date DEFAULT NULL,
  `FECHANACIMIENTO` date DEFAULT NULL,
  `FOTOCARNET` longblob,
  `NOMBRE` varchar(100) DEFAULT NULL,
  `NUMEROCAMISETA` varchar(255) DEFAULT NULL,
  `TELCELULAR` varchar(255) DEFAULT NULL,
  `TELFIJO` varchar(255) DEFAULT NULL,
  `UNALOCALIDAD_IDLOCALIDAD` bigint(20) DEFAULT NULL,
  PRIMARY KEY (`DNI`),
  KEY `FK_SOCIA_UNALOCALIDAD_IDLOCALIDAD` (`UNALOCALIDAD_IDLOCALIDAD`),
  CONSTRAINT `FK_SOCIA_UNALOCALIDAD_IDLOCALIDAD` FOREIGN KEY (`UNALOCALIDAD_IDLOCALIDAD`) REFERENCES `localidad` (`IDLOCALIDAD`)
) ENGINE=InnoDB DEFAULT CHARSET=utf8;
/*!40101 SET character_set_client = @saved_cs_client */;

--
-- Dumping data for table `socia`
--

LOCK TABLES `socia` WRITE;
/*!40000 ALTER TABLE `socia` DISABLE KEYS */;
INSERT INTO `socia` VALUES (5917598,'QUEVEDO',0,'Domicilio 8117','email@email.com',0,'2010-02-02','1976-01-13','','ANDREA ALVARINA','75','154022092','4147668',2),(6074300,'Espindola',0,'Domicilio 6487','email@email.com',1,'2002-03-01','1971-07-26','','Dolores Concepcion','87','154640128','4894278',2),(10534228,'Cossiani',0,'Domicilio 1775','email@email.com',0,'2010-03-17','1955-01-25','','Gabriela Isabel','96','154014241','4823748',1),(10639418,'Soriano',0,'Domicilio 6905','email@email.com',0,'2004-05-31','1963-02-25','','Elida Susana','46','154124957','4848526',3),(10955361,'BAEZ',0,'Domicilio 8265','email@email.com',0,'2008-09-03','1979-02-06','','MIRTA TERESA','46','154219951','4727236',3),(11392148,'CAROGLIO',0,'Domicilio 4372','email@email.com',0,'2009-07-30','1956-12-15','','GLADYS BEATRIZ','46','154227638','4405302',3),(11399982,'ALMEIDA',0,'Domicilio 9435','email@email.com',0,'2005-10-05','1954-08-21','','Alba Epifania','77','154972979','4937459',1),(11479299,'BAREYRO',0,'Domicilio 3906','email@email.com',0,'2005-08-27','1953-10-07','','NORMA ESTELA','75','154343717','4259555',2),(11479449,'ALARCON',0,'Domicilio 3064','email@email.com',0,'1999-01-27','1960-02-03','','Gerónima Gladis','96','154653443','4777221',2),(11635309,'Ricatti',0,'Domicilio 6913','email@email.com',1,'2006-06-19','1978-11-29','','Beatriz Graciela','9','154185504','4424473',1),(11661464,'Benitez ',0,'Domicilio 4341','email@email.com',0,'1999-04-09','1971-02-22','','Carmen','87','154923744','4562322',3),(11694515,'SILVERO',0,'Domicilio 5001','email@email.com',1,'2012-06-14','1970-12-22','','MARIA ELENA','49','154376449','4204962',3),(12296490,'Sussini',0,'Domicilio 1546','email@email.com',0,'2004-06-29','1967-02-09','','Maria Griselda','26','154838119','4242574',3),(12637259,'VILLAR',0,'Domicilio 4596','email@email.com',0,'2013-03-13','1974-12-30','','LILIANA GRACIELA','34','154490952','4171556',3),(12637417,'González',0,'Domicilio 2604','email@email.com',0,'2012-02-07','1956-09-21','','Selva Nora','95','154625203','4732681',2),(12852501,'D imperio',0,'Domicilio 7401','email@email.com',0,'2014-01-25','1970-12-14','','Angela Haydée','9','154647488','4125963',3),(12898395,'POWCH',0,'Domicilio 9472','email@email.com',0,'2000-12-29','1965-07-27','','Elsa Ana','8','154471030','4526447',3),(12956647,'Alvez',0,'Domicilio 3074','email@email.com',0,'2013-05-16','1953-09-15','','Cristina','67','154770666','4102257',3),(13004758,'DUTRA',0,'Domicilio 2101','email@email.com',0,'2006-09-09','1973-02-18','','MARTA LETICIA','26','154404833','4957294',1),(13005252,'MAIDANA',0,'Domicilio 1743','email@email.com',0,'2002-02-20','1962-06-20','','Maria Elisa','62','154531902','4338701',1),(13005781,'PASIECZNIK',0,'Domicilio 7187','email@email.com',0,'2001-11-21','1954-11-27','','María Irma','73','154886201','4797715',1),(13005891,'ZALDÍAVAR',0,'Domicilio 6003','email@email.com',0,'2007-10-20','1973-02-10','','Marta Beatríz','25','154665376','4277970',1),(13005993,'AVALOS ULLON',0,'Domicilio 7645','email@email.com',0,'2008-05-17','1954-03-02','','ESTELA MARÍA','63','154067925','4719488',3),(13013763,'Franzoy',0,'Domicilio 4205','email@email.com',0,'2012-11-01','1962-04-02','','Lucrecia M.','39','154191916','4005612',2),(13248833,'Matteo',0,'Domicilio 5461','email@email.com',0,'1999-06-25','1967-04-25','','María Magdalena','91','154786186','4919336',3),(13350813,'Turineto',0,'Domicilio 3309','email@email.com',0,'2000-10-20','1968-10-05','','Teresita Gladys','79','154856055','4318736',3),(13421303,'LOPEZ',0,'Domicilio 4348','email@email.com',0,'2011-12-07','1970-12-03','','ROSA MASSI','74','154671285','4672139',3),(13558172,'DEL VALLE',0,'Domicilio 9088','email@email.com',0,'2003-06-01','1982-10-20','','Maria Carmen','82','154222600','4765278',3),(13658522,'San Martin',0,'Domicilio 5786','email@email.com',0,'2002-02-05','1965-08-07','','Mabel','57','154905530','4419306',2),(13867641,'Gorostegui',0,'Domicilio 6731','email@email.com',0,'2011-05-26','1950-07-23','','Haydee Beatriz','74','154864919','4686793',1),(13897862,'BOGADO',0,'Domicilio 5436','email@email.com',0,'2014-02-24','1969-07-28','','Carmen Gladys','15','154131859','4475634',3),(13957943,'Alonso',0,'Domicilio 4877','email@email.com',0,'2004-10-13','1964-03-18','','Graciela Patricia','86','154657247','4406377',3),(14181471,'PIANOVI',0,'Domicilio 5304','email@email.com',0,'2005-07-09','1975-01-04','','Ana María','56','154169612','4007188',2),(14194183,'Quintana',0,'Domicilio 9370','email@email.com',0,'2014-06-21','1951-08-22','','Maria Beatriz','12','154142027','4146236',3),(14209322,'Ortiz Pereyra',0,'Domicilio 5203','email@email.com',0,'2008-11-29','1961-01-08','','Angela Maria','19','154365399','4513427',1),(14258039,'ROTELA',0,'Domicilio 9641','email@email.com',0,'2010-01-13','1956-04-21','','GLADIS LUZ BELLA ARGENTINA','20','154676984','4664350',1),(14258752,'González',0,'Domicilio 5186','email@email.com',0,'2013-03-25','1966-01-01','','Irma  ','10','154188048','4583724',3),(14301412,'Beck',0,'Domicilio 4429','email@email.com',0,'2001-11-25','1981-11-05','','Silvia Rosana','42','154186681','4361838',1),(14335266,'MEZA',0,'Domicilio 5973','email@email.com',0,'1999-07-09','1963-03-27','','Analia Ines','44','154482661','4031265',2),(14335484,'VILLALBA',0,'Domicilio 4623','email@email.com',0,'2013-04-10','1982-04-19','','BLANCA MIRIAM','39','154659887','4105060',1),(14469013,'Castro',0,'Domicilio 1446','email@email.com',0,'2013-01-04','1980-08-25','','Elisabet ','63','154028403','4013253',2),(14551343,'Friedich',0,'Domicilio 5289','email@email.com',0,'2006-11-08','1973-07-23','','Angelica','30','154576667','4726873',3),(14713298,'San Miguel',0,'Domicilio 8716','email@email.com',0,'2001-10-12','1951-12-25','','Patricia Noemí','83','154452793','4784030',2),(14745833,'BARREYRO',0,'Domicilio 3080','email@email.com',0,'2012-08-27','1952-10-27','','Nelly Margot','73','154947721','4826536',1),(14745996,'LLAMOSA',0,'Domicilio 5135','email@email.com',0,'2002-09-20','1953-12-30','','Marta Teresita','30','154383399','4829232',3),(14826658,'LEÓN',0,'Domicilio 5787','email@email.com',1,'2007-01-26','1980-04-21','','Alicia Dora','64','154517247','4995869',2),(14826696,'ACEVEDO',0,'Domicilio 4103','email@email.com',0,'2014-04-07','1969-10-29','','Nilda  Irene','48','154162601','4519599',1),(14911492,'PROCOPIO',0,'Domicilio 1995','email@email.com',0,'2008-02-12','1976-01-14','','Lidia Luján','49','154069181','4972420',1),(14926497,'SAWICZ',0,'Domicilio 5832','email@email.com',0,'2010-05-29','1951-01-08','','Norma Raquel','11','154741473','4764007',3),(14946666,'ALARCON',0,'Domicilio 8540','email@email.com',0,'1999-04-23','1970-05-02','','NORMA ELISABETH','50','154800190','4341662',2),(14946893,'MONFERRAN',0,'Domicilio 4885','email@email.com',0,'2009-05-27','1982-02-25','','Emilia Inocencia','34','154884816','4762576',3),(14957513,'Baconé',0,'Domicilio 1907','email@email.com',0,'2011-02-13','1953-11-13','','Claudia','5','154196299','4858530',2),(14960101,'Ruppel',0,'Domicilio 8391','email@email.com',0,'2008-12-01','1956-11-09','','Clara Nilda','24','154782301','4160970',1),(14986595,'Acosta',0,'Domicilio 6911','email@email.com',0,'2002-09-20','1972-11-03','','Elba Aidee','90','154225711','4989528',1),(16163272,'Dalmasso',0,'Domicilio 4829','email@email.com',0,'2000-08-29','1952-10-16','','Rosana Inés','83','154796601','4187924',1),(16205157,'Cohen',0,'Domicilio 1014','email@email.com',0,'2008-03-20','1976-11-13','','Myriam Ruth','41','154032736','4903021',1),(16356400,'Haselteiner',0,'Domicilio 4332','email@email.com',0,'2011-10-10','1975-10-13','','Nelly Catalina','35','154551157','4207244',1),(16365101,'Abuin ',0,'Domicilio 1181','email@email.com',1,'2010-12-17','1952-11-23','','Graciela Luisa','6','154509448','4640303',2),(16365171,'Figueredo',0,'Domicilio 9727','email@email.com',0,'2010-04-18','1980-11-29','','Graciela Yolanda','97','154224079','4852127',1),(16365251,'Correa',0,'Domicilio 7404','email@email.com',0,'1999-03-25','1950-02-22','','María Isabel','60','154390311','4471873',1),(16367471,'Sipituca',0,'Domicilio 1024','email@email.com',0,'2014-02-03','1959-12-28','','Patricia Edith','92','154527097','4898785',2),(16563703,'MARUNIAK',0,'Domicilio 7756','email@email.com',0,'2005-03-26','1950-08-23','','Carmen Isabel','7','154861540','4595776',3),(16650419,'MERCADO',0,'Domicilio 7346','email@email.com',0,'2007-08-18','1977-03-05','','NIEVES BEATRIZ','77','154392231','4169497',1),(16695422,'GAUNA',0,'Domicilio 7756','email@email.com',0,'2004-09-25','1955-10-13','','Liliana Rosa','66','154378146','4284012',3),(16695464,'GONZALEZ',0,'Domicilio 3086','email@email.com',1,'2010-05-17','1969-06-06','','Amalia Estela','77','154841332','4771421',3),(16695503,'LINDO POISSON',0,'Domicilio 8444','email@email.com',0,'2003-02-10','1969-02-26','','ROSANA ESTELA','36','154166648','4118077',3),(16695780,'San Miguel',0,'Domicilio 6938','email@email.com',0,'2000-04-11','1968-12-03','','Monica Susana','58','154450224','4057655',1),(16696948,'Flecha',0,'Domicilio 2037','email@email.com',0,'2010-06-06','1966-03-15','','Leonida','78','154471205','4982679',1),(16829403,'Núñez ',0,'Domicilio 7804','email@email.com',0,'2008-09-18','1952-09-24','','Nidia Herminia','14','154378767','4381243',2),(16853984,'Bar ',0,'Domicilio 8603','email@email.com',0,'2005-03-13','1959-01-08','','María Isabel','59','154077773','4507053',2),(16871076,'Mendoza',0,'Domicilio 5356','email@email.com',0,'2008-07-07','1953-12-14','','Noemí Isabel','62','154511976','4666698',3),(16944749,'BENITEZ',0,'Domicilio 1177','email@email.com',0,'2003-09-07','1957-10-16','','Sonia Bibiana','87','154005008','4351786',3),(16986200,'GALLARDO ',0,'Domicilio 3062','email@email.com',0,'2000-12-13','1968-06-27','','Ana Maria','35','154847508','4130086',1),(16993353,'ESCALANTE',0,'Domicilio 5662','email@email.com',0,'2005-07-22','1951-08-23','','Angélica  Narcisa','66','154520923','4235144',3),(17039784,'KRISKOVICH',0,'Domicilio 9970','email@email.com',0,'2001-03-02','1968-06-01','','Maria Eduarda','96','154449348','4761351',3),(17064155,'PLANAS',0,'Domicilio 3015','email@email.com',0,'2004-12-23','1952-11-10','','MARISA HAIDEE','92','154587816','4231395',1),(17093025,'Gonzalez',0,'Domicilio 7663','email@email.com',0,'2012-05-30','1983-07-10','','Estela Natividad','56','154948025','4543137',2),(17135365,'SILVA',0,'Domicilio 8825','email@email.com',0,'2010-04-01','1961-01-23','','ORILDE','79','154701331','4198628',1),(17135398,'Arriola',0,'Domicilio 7317','email@email.com',0,'2010-02-05','1951-07-01','','Teresa Ines','12','154418936','4612243',3),(17164587,'MANSO',0,'Domicilio 1827','email@email.com',0,'2001-10-12','1967-12-17','','LILIANA TERESA','62','154048412','4884965',3),(17170689,'FERRARI',0,'Domicilio 3756','email@email.com',0,'2012-04-11','1981-06-10','','FABIANA JACQUELINE','91','154466430','4201578',3),(17170744,'RUNKE',0,'Domicilio 3440','email@email.com',0,'2010-09-16','1968-10-11','','LEONARDA','40','154841608','4327489',2),(17216632,'LABANDERA',0,'Domicilio 9882','email@email.com',0,'2004-07-20','1977-08-10','','Nadia Rosa','80','154008220','4595017',2),(17299811,'AVELLANEDA',0,'Domicilio 2440','email@email.com',0,'2006-09-22','1982-10-21','','Elida Rita','85','154991901','4214179',1),(17312131,'Carraffa Flores',0,'Domicilio 7831','email@email.com',0,'2006-12-03','1973-10-20','','Lucrecia Liliam','29','154331773','4105523',3),(17369473,'MARTINEZ',0,'Domicilio 9896','email@email.com',0,'2003-05-02','1964-09-21','','MABEL ZUNILDA','47','154870174','4402657',3),(17378032,'ARANDA',0,'Domicilio 5762','email@email.com',0,'2001-04-16','1977-08-27','','Graciela  Beatriz','1','154767602','4773809',1),(17525644,'Zorrilla',0,'Domicilio 9717','email@email.com',0,'2004-03-04','1960-11-16','','Maria Valentina','66','154332413','4702947',3),(17525767,'Escobar',0,'Domicilio 2384','email@email.com',0,'2000-12-08','1969-10-24','','Laura Trinidad','9','154685217','4441742',3),(17562547,'RUGGIERO',0,'Domicilio 8924','email@email.com',0,'1999-03-14','1979-01-27','','MARGARITA BEATRIZ','1','154436041','4803286',3),(17562559,'PEREYRA',0,'Domicilio 2799','email@email.com',0,'2013-02-17','1983-11-15','','Julia Isabel','35','154628477','4087272',2),(17604599,'BERNAL',0,'Domicilio 3665','email@email.com',0,'2000-03-28','1958-05-19','','Liliana Elizabeth','87','154725348','4437079',1),(17630446,'Gutiérrez',0,'Domicilio 6088','email@email.com',0,'2000-04-23','1955-04-25','','Blanca Isabel','59','154187409','4337315',3),(17652488,'GONZALEZ',0,'Domicilio 8759','email@email.com',0,'2003-07-26','1962-08-20','','AIDA','52','154512879','4058208',3),(17675809,'HABERL',0,'Domicilio 6408','email@email.com',0,'2007-05-12','1970-05-24','','Lilian Esther','35','154987473','4581166',3),(17751922,'LUFT',0,'Domicilio 5785','email@email.com',0,'2000-09-10','1971-12-20','','Orfila','87','154922007','4660066',3),(17760877,'PINTO ',0,'Domicilio 2445','email@email.com',0,'2011-01-30','1977-07-27','','Silvia Liliana','1','154273350','4641557',3),(17760927,'LLAMOSAS',0,'Domicilio 3979','email@email.com',0,'2012-07-03','1959-12-08','','Lucía Esther','57','154115219','4336418',2),(17773508,'Basili',0,'Domicilio 9948','email@email.com',0,'1999-09-12','1977-10-26','','Sonia Elizabeth','31','154249485','4732129',2),(17814471,'Cardozo',0,'Domicilio 5192','email@email.com',0,'2001-05-05','1955-05-21','','Emilia Clarisse ','8','154018741','4088262',1),(17831378,'FERREYRA',0,'Domicilio 6091','email@email.com',0,'2010-12-08','1961-12-24','','Maria Susana','41','154396181','4541961',1),(17905182,'Espada',0,'Domicilio 4706','email@email.com',0,'2003-12-17','1954-07-24','','Maria Silvia','46','154545701','4090619',2),(17952248,'ENGLER',0,'Domicilio 6921','email@email.com',0,'2003-04-12','1980-12-27','','Yolanda Beatriz','95','154697410','4123944',1),(17980404,'Blanco',0,'Domicilio 8559','email@email.com',0,'2002-01-02','1981-07-29','','Claudia Rozaura','62','154274196','4974803',3),(17980484,'SANCHEZ',0,'Domicilio 3775','email@email.com',0,'2008-12-12','1976-08-28','','VISENCIA FABIANA','40','154512438','4795320',1),(18063802,'BOGADO',0,'Domicilio 3654','email@email.com',0,'2010-07-14','1955-08-07','','Dora Elizabeth','77','154218889','4077850',2),(18095622,'GALLO',0,'Domicilio 3316','email@email.com',0,'2003-06-10','1965-08-17','','ELDA NELIDA','2','154545306','4467766',1),(18095845,'Espindola ',0,'Domicilio 8479','email@email.com',0,'2011-07-31','1960-03-31','','Norma','41','154266623','4058939',2),(18180848,'Ciejovicz',0,'Domicilio 2389','email@email.com',0,'2013-05-10','1966-05-29','','Mónica Beatriz','6','154283950','4625323',3),(18265145,'LEÓN',0,'Domicilio 5703','email@email.com',0,'2000-08-18','1982-12-26','','María Elena','92','154639795','4903131',3),(18290431,'Zamora',0,'Domicilio 2957','email@email.com',0,'2010-12-19','1977-09-04','','Myriam Soraya','13','154618135','4539099',1),(18308518,'Sanabria ',0,'Domicilio 4893','email@email.com',0,'2009-12-01','1977-02-14','','Marcela Noemi','36','154846099','4316570',3),(18438573,'Viana',0,'Domicilio 3029','email@email.com',0,'2001-03-26','1967-11-27','','Alicia Beatriz','76','154017463','4951722',2),(18464360,'Chaves',0,'Domicilio 6080','email@email.com',0,'2004-06-02','1959-06-08','','Laura Mónica','71','154762783','4488934',1),(18465156,'Orué ',0,'Domicilio 9480','email@email.com',0,'2002-12-13','1960-12-30','','Julia Elena','33','154308609','4829321',2),(18546184,'URZAGASTI',0,'Domicilio 5907','email@email.com',0,'2002-11-23','1968-05-17','','DORA ELSA','2','154176168','4016854',2),(18683582,'HENN',0,'Domicilio 8392','email@email.com',0,'2010-11-30','1960-10-17','','MARIA SILVINA','7','154248967','4370334',2),(18694386,'Lugo',0,'Domicilio 1602','email@email.com',0,'2006-08-09','1970-07-17','','Herminia','46','154865160','4500876',3),(18701304,'FERNANDEZ',0,'Domicilio 7870','email@email.com',0,'2009-07-17','1979-11-26','','ESTHER','49','154479388','4160921',2),(18767528,'HILDEBRAND',0,'Domicilio 2888','email@email.com',0,'2010-04-13','1973-07-14','',' Clair','83','154784538','4054281',2),(18776248,'GALEANO VELÁZQUEZ',0,'Domicilio 2489','email@email.com',0,'2010-09-18','1978-03-04','','Zulema','29','154956954','4133495',2),(18793716,'PERALTA',0,'Domicilio 8025','email@email.com',0,'2010-02-12','1959-02-17','','Amalia','87','154326277','4290517',2),(18801405,'Sanchez Herrera',0,'Domicilio 5591','email@email.com',0,'2006-09-27','1959-05-27','','Susana Ofelia','26','154521949','4326623',3),(20117775,'Alfonzo Calvo',0,'Domicilio 5888','email@email.com',0,'2002-10-31','1981-07-13','','Laura Beatriz','57','154732504','4949549',3),(20117813,'PALACIOS',0,'Domicilio 4715','email@email.com',0,'2013-04-30','1962-07-09','','María Inés','17','154202683','4357140',1),(20175929,'CODARO',0,'Domicilio 5264','email@email.com',0,'2002-08-27','1973-08-17','','Claudia Gabriela','33','154318873','4017616',3),(20186811,'Noguera',0,'Domicilio 2325','email@email.com',0,'2009-07-26','1969-10-20','','Elida Raquel','82','154078698','4042878',1),(20290582,'Voulquin',0,'Domicilio 2604','email@email.com',1,'2006-01-28','1955-10-10','','Maria Teresa','22','154740225','4568044',1),(20338247,'MEZA',0,'Domicilio 8284','email@email.com',0,'2010-04-19','1963-09-11','','SILVIA DEL CARMEN','24','154969205','4194117',1),(20338614,'VILLANUEVA',0,'Domicilio 4750','email@email.com',0,'2010-10-30','1954-08-08','','FERNANDA LETICIA','24','154451509','4466745',3),(20338642,'silvero',0,'Domicilio 7570','email@email.com',0,'2003-06-27','1972-06-06','','Mirta Lilian','13','154652630','4403080',2),(20476201,'Vera',0,'Domicilio 1720','email@email.com',0,'2009-11-21','1964-01-29','','Maria Liliana','82','154414761','4902997',3),(20484881,'FALCONE',0,'Domicilio 8537','email@email.com',0,'2009-11-12','1955-03-26','','NATALIA BEATRIZ','75','154537975','4427535',1),(20495953,'RODRIGUEZ',0,'Domicilio 9451','email@email.com',0,'2002-10-24','1950-06-02','','MIRTA GLADIS','10','154076118','4652008',1),(20500992,'Villegas',0,'Domicilio 6677','email@email.com',0,'2002-12-14','1967-07-29','','Raquel Teresa','96','154758526','4690460',3),(20518423,'OJEDA',0,'Domicilio 4575','email@email.com',0,'2006-04-13','1965-03-06','','RAMONA ISABEL GRISELDA','72','154546611','4179255',3),(20545757,'Michitte',0,'Domicilio 8171','email@email.com',0,'2012-12-20','1954-01-17','','Sandra Patricia','68','154850882','4256740',1),(20578722,'Mogdans',0,'Domicilio 7394','email@email.com',0,'2005-08-21','1973-01-06','','Erica Daniela','11','154572717','4502009',2),(20629246,'Barrios ',0,'Domicilio 4902','email@email.com',0,'2005-08-12','1967-07-12','','Maria del Carmen ','60','154411255','4199044',2),(20737427,'Fontana',0,'Domicilio 9951','email@email.com',0,'2009-11-07','1970-10-02','','Maria Rosa','48','154835040','4448052',2),(20815489,'RUNKE',0,'Domicilio 3971','email@email.com',0,'2002-04-14','1959-11-29','','NORMA BEATRIZ','50','154483670','4417870',3),(20899640,'Gomez',0,'Domicilio 8795','email@email.com',0,'1999-01-26','1983-04-23','','Nora Gabriela','18','154907120','4858059',1),(20907159,'ARAUJO',0,'Domicilio 9847','email@email.com',0,'2005-11-23','1981-09-23','','Nelida Lucia','9','154896795','4843982',1),(20939295,'GONZALEZ',0,'Domicilio 7930','email@email.com',0,'2001-05-17','1952-12-13','','ANA MARIA','95','154269333','4297208',3),(21180225,'Correa',0,'Domicilio 8383','email@email.com',0,'2006-12-03','1962-01-20','','Fabiana Raquel','91','154085554','4848787',1),(21182875,'FARIÑA',0,'Domicilio 6464','email@email.com',0,'2007-09-25','1967-05-11','','MIRTHA GRACIELA','44','154001418','4669381',1),(21300349,'VILLANUEVA',0,'Domicilio 2797','email@email.com',0,'1999-06-18','1976-10-31','','ESTELA MARIA INES','23','154291967','4434761',1),(21300428,'DEI CASTELLI',0,'Domicilio 5592','email@email.com',0,'2013-08-23','1959-12-17','','Laura Marisa','1','154195967','4496750',3),(21301810,'Atamañuk',0,'Domicilio 6601','email@email.com',0,'1999-10-14','1967-04-12','','Cristina innes','84','154514267','4525116',2),(21302821,'CASTILLO',0,'Domicilio 2988','email@email.com',0,'1999-07-19','1959-02-03','','Graciela Ester','67','154194601','4732090',3),(21303869,'Mazo',0,'Domicilio 6414','email@email.com',0,'2012-05-19','1982-05-26','','Mirian Mabel','31','154133727','4170124',1),(21304070,'Zmiak',0,'Domicilio 3709','email@email.com',0,'2000-04-26','1971-09-23','','Marta Alicia','76','154423950','4962314',1),(21305751,'Vogel ',0,'Domicilio 1687','email@email.com',0,'2008-05-06','1974-06-19','','Susi Raquel','80','154000596','4499287',3),(21365232,'DOMINGUEZ',0,'Domicilio 8107','email@email.com',0,'2006-12-21','1975-05-18','','Anselma Beatriz','63','154438362','4074812',2),(21546890,'RIVEROS',0,'Domicilio 5727','email@email.com',0,'1999-07-28','1954-02-26','','Irma Alicia','1','154275643','4332481',3),(21562507,'COSTA',0,'Domicilio 5854','email@email.com',0,'2014-02-15','1955-12-02','','Emma Fabiana','35','154031699','4838422',2),(21598339,'Corti',0,'Domicilio 6550','email@email.com',0,'2003-10-31','1975-06-22','','Flavia Selene','44','154019990','4688145',1),(21634884,'Iturbe',0,'Domicilio 9996','email@email.com',0,'2006-07-08','1958-02-14','','Norma Beatriz ','10','154212764','4961606',2),(21660785,'Echeverria',0,'Domicilio 2554','email@email.com',0,'2005-01-05','1970-01-22','','Claudia Alejandra14','16','154137397','4665943',1),(21684508,'ESCURRA CANIZA',0,'Domicilio 8354','email@email.com',0,'2011-01-22','1979-03-27','','CLAUDIA GISELA','36','154798457','4348994',2),(21723344,'De Olivera ',0,'Domicilio 8208','email@email.com',0,'2009-03-09','1978-06-10','','Claudia ','94','154496345','4179810',1),(21723721,'LOMBARDI',0,'Domicilio 7075','email@email.com',0,'2001-09-25','1951-05-05','','CLAUDIA VIVIANA','89','154771630','4124745',1),(21775640,'Villegas',0,'Domicilio 2084','email@email.com',0,'2009-02-12','1972-06-24','','Claudia Patrici','28','154645532','4755010',2),(21781027,'Ibarra ',0,'Domicilio 8908','email@email.com',0,'2004-07-20','1975-08-11','','Beatriz R.','36','154764043','4146530',3),(21781619,'PERALTA',0,'Domicilio 2583','email@email.com',0,'2002-05-21','1973-11-17','','Mabel Alejandra','4','154478753','4581369',3),(21781681,'Maidana',0,'Domicilio 8976','email@email.com',0,'2007-07-18','1964-02-13','','Claudia Isabel','87','154300827','4335550',1),(21781725,'MENDOZA ',0,'Domicilio 5147','email@email.com',0,'2013-03-13','1959-04-19','','MARIA DEL CARMEN','35','154823584','4816919',3),(21793705,'Escobar',0,'Domicilio 3948','email@email.com',0,'2006-12-23','1962-04-10','','Elsa Elena','20','154545725','4875713',2),(21974458,'KORNUTA',0,'Domicilio 1200','email@email.com',0,'1999-03-03','1971-05-18','','Estela Carmen','58','154802729','4060846',2),(21976884,'CARCACHA',0,'Domicilio 9786','email@email.com',0,'1999-05-14','1956-04-26','','Maria Teresa Del Rosario','92','154846567','4607829',1),(22040318,'Piñeiro',0,'Domicilio 4256','email@email.com',0,'2006-12-06','1976-05-01','','Marta Irene','97','154700902','4055332',2),(22090129,'VICENTE',0,'Domicilio 7684','email@email.com',0,'2011-06-12','1957-12-25','','Alejandra Del Carmen','29','154011245','4541729',1),(22090330,'Zorrilla',0,'Domicilio 4084','email@email.com',0,'2004-02-04','1979-03-02','','Isabel Isaura','16','154966102','4555523',3),(22090333,'LEZCANO',0,'Domicilio 5514','email@email.com',0,'2012-06-15','1974-11-01','','LILIANA ELIZABETH','80','154246417','4402213',2),(22090400,'ZARZA',0,'Domicilio 6101','email@email.com',0,'2005-08-27','1974-12-02','','CELIA ELISA','94','154563184','4046374',3),(22141132,'Alonso',0,'Domicilio 4846','email@email.com',0,'2003-05-02','1957-11-20','','Maria Alejandra','59','154996359','4223086',3),(22141155,'FERNANDEZ',0,'Domicilio 9878','email@email.com',0,'2007-02-13','1976-12-30','','María Alejendra','38','154858871','4685558',3),(22351819,'López',0,'Domicilio 8498','email@email.com',1,'2004-09-13','1979-10-29','','María del Carmen','41','154341671','4629438',2),(22351900,'ELIAS COUTTO',0,'Domicilio 5952','email@email.com',0,'2003-04-26','1969-05-28','','Roxana Guillermina','97','154615996','4458072',1),(22352199,'RODRIGUEZ',0,'Domicilio 9035','email@email.com',0,'2007-12-18','1957-03-23','','Mirtha Santa','11','154228790','4807063',2),(22485728,'Labycz',0,'Domicilio 3532','email@email.com',0,'2012-01-15','1955-04-01','','Ivana María','63','154891351','4092648',1),(22488411,'RIBERO',0,'Domicilio 5711','email@email.com',0,'2004-12-05','1971-10-31','','MIRIAM BEATRIZ','61','154565441','4790879',3),(22488625,'Fernandez',0,'Domicilio 4330','email@email.com',0,'2007-05-28','1951-09-30','','Maria Ester','98','154493497','4024952',2),(22488745,'CORREA',0,'Domicilio 8866','email@email.com',1,'2003-10-13','1961-05-03','','ROSANA TRINIDAD','25','154150719','4850923',1),(22508922,'Encina',0,'Domicilio 4233','email@email.com',0,'2012-09-05','1969-04-10','','Susana Andrea','60','154875654','4167353',3),(22539277,'Dobler ',0,'Domicilio 5909','email@email.com',0,'2001-02-21','1978-07-22','','María Esther','42','154706027','4094805',1),(22662681,'Pollina',0,'Domicilio 3959','email@email.com',0,'2002-09-11','1972-04-18','','Claudia Jazmin','5','154831277','4011572',2),(22692609,'Espinola ',0,'Domicilio 7539','email@email.com',0,'2004-08-12','1960-01-12','','Marta Isabel','11','154245704','4496972',3),(22737993,'SUÁREZ',0,'Domicilio 8610','email@email.com',0,'2001-08-27','1956-05-09','','Mónica Beatríz','87','154562860','4209433',1),(22738113,'Jara',0,'Domicilio 9536','email@email.com',0,'2011-06-09','1966-12-03','','Susana','54','154177997','4175249',2),(22814059,'RODRIGUEZ',0,'Domicilio 7280','email@email.com',0,'2004-03-23','1978-06-13','','GRACIELA BEATRIZ','91','154186955','4106519',3),(22835570,'Jara ',0,'Domicilio 3319','email@email.com',0,'2001-04-08','1975-04-30','','Ana Graciela','15','154036638','4381939',3),(22835678,'FLORENTIN',0,'Domicilio 5717','email@email.com',0,'2013-01-17','1981-02-11','','MIRIAN ROSANA','40','154858767','4776682',1),(22835931,'ACOSTA',0,'Domicilio 6893','email@email.com',0,'2004-10-10','1953-04-30','','MONICA ALICIA','4','154994326','4281051',1),(22836855,'Soto',0,'Domicilio 5858','email@email.com',0,'2010-09-06','1952-12-22','','Rosana del Rosario','68','154897320','4237776',1),(22870686,'Rodriguez',0,'Domicilio 7642','email@email.com',0,'2013-12-07','1982-11-05','','Susana','21','154193019','4758519',2),(22944957,'Da Silva',0,'Domicilio 1632','email@email.com',0,'2001-01-17','1973-01-08','','Lidia ines','36','154097213','4694474',2),(23035827,'Dos Santos',0,'Domicilio 6937','email@email.com',0,'2007-03-01','1980-04-09','','Ramona Liliana','56','154661380','4696653',1),(23066520,'MONGE',0,'Domicilio 6123','email@email.com',0,'2003-03-11','1964-10-20','','CINTIA NOEMI','55','154830753','4040642',1),(23096336,'ESQUIVEL',0,'Domicilio 5178','email@email.com',0,'2013-04-02','1961-06-30','','Ruth Elisabeth','38','154090919','4597846',1),(23096644,'MACRON',0,'Domicilio 8950','email@email.com',0,'2005-10-20','1957-06-24','','MYRIAM CRISTINA','11','154582747','4835635',2),(23170837,'ALTAMIRANO',0,'Domicilio 2679','email@email.com',0,'2009-12-22','1973-09-23','','Blasia Isabel','48','154395307','4106151',1),(23207943,'Alonso',0,'Domicilio 5178','email@email.com',0,'2001-07-20','1957-08-03','','Viviana Karina','98','154382404','4580044',1),(23338376,'Zarza',0,'Domicilio 3560','email@email.com',0,'2002-05-03','1969-10-15','','Laura Mabel','89','154341206','4576908',3),(23349910,'Ortiz',0,'Domicilio 4152','email@email.com',0,'1999-09-02','1979-02-18','','Norma Natividad','81','154931756','4920403',1),(23383304,'Rodriguez',0,'Domicilio 5088','email@email.com',1,'2009-07-22','1964-02-16','','Rossanna Andrea','44','154878856','4217707',2),(23383428,'VERON',0,'Domicilio 5285','email@email.com',0,'2012-06-19','1955-05-13','','CLAUDIA ISABEL','46','154515931','4631060',3),(23430610,'Farías',0,'Domicilio 1734','email@email.com',0,'2004-05-07','1960-06-24','','María Leandra','6','154100382','4688557',3),(23468003,'Gonzalez',0,'Domicilio 6824','email@email.com',0,'1999-11-07','1956-01-15','','Liliana Ines','79','154836338','4326339',2),(23482663,'Cristaldo',0,'Domicilio 2901','email@email.com',0,'2007-09-26','1956-02-06','','Sandra Noemi','72','154309737','4969738',3),(23546861,'RODRIGUEZ',0,'Domicilio 6794','email@email.com',0,'2014-05-14','1979-07-07','','María del Rosario','5','154983778','4178173',3),(23675117,'Romero',0,'Domicilio 9763','email@email.com',0,'2006-02-04','1961-05-21','','Mirian Marcela','68','154974335','4917080',1),(23675136,'Denike ',0,'Domicilio 8615','email@email.com',0,'2006-06-17','1957-08-04','','Mariela','2','154089997','4983151',3),(23675148,'RUNKE ',0,'Domicilio 7118','email@email.com',0,'2014-07-26','1953-02-25','','MIRTA GLADYS','3','154363374','4436640',2),(23675260,'ALARCON',0,'Domicilio 1842','email@email.com',0,'2009-01-13','1950-07-24','','Norma Elizabeth','84','154935443','4157869',3),(23675431,'BARCHETTA',0,'Domicilio 9811','email@email.com',0,'2006-07-22','1963-02-17','','Gabriela  María','10','154203435','4532453',1),(23690040,'FERNANDEZ',0,'Domicilio 8500','email@email.com',0,'2000-05-07','1963-04-10','','Carmen Fabiana','56','154796577','4444396',1),(23690119,'SENA',0,'Domicilio 4931','email@email.com',1,'2012-05-06','1977-12-04','','PATRICIA HAYDEE','35','154857514','4969419',3),(23737897,'Vogel ',0,'Domicilio 3298','email@email.com',0,'2000-04-03','1975-05-08','','Mabel','61','154164060','4217320',3),(23900628,'SOSA',0,'Domicilio 7063','email@email.com',0,'2005-04-06','1975-09-08','','Silvia Andrea','65','154299478','4186033',1),(23901844,'Da Silva',0,'Domicilio 6162','email@email.com',0,'2010-01-22','1974-11-03','','Virginia','21','154615577','4302642',2),(23910719,'Toledo ',0,'Domicilio 3539','email@email.com',1,'1999-12-28','1980-07-21','','Sulma','35','154693448','4588062',3),(23951159,'GALEANO',0,'Domicilio 8638','email@email.com',0,'2006-10-12','1973-09-19','','LILIANA ESTELA','38','154691350','4572827',2),(23951555,'Saucedo',0,'Domicilio 1138','email@email.com',0,'2009-08-08','1977-07-14','','Claudia Beatriz ','83','154132694','4150956',1),(23951570,'Recalde',0,'Domicilio 6893','email@email.com',0,'2012-01-14','1962-01-03','','Maria Graciela','20','154775891','4007012',3),(24076719,'Antúnez Martínez',0,'Domicilio 9787','email@email.com',0,'2010-01-11','1981-09-28','','Irma  ','6','154112889','4971763',3),(24090590,'Mazo',0,'Domicilio 5799','email@email.com',0,'2014-01-11','1963-04-19','','Sandra Noemí','31','154204043','4858542',2),(24118105,'Soto',0,'Domicilio 7206','email@email.com',0,'2006-04-03','1983-10-27','','Noemi Liliana','27','154361677','4627225',1),(24130561,'MASACOSKI',0,'Domicilio 8024','email@email.com',1,'2003-10-20','1969-08-26','','Liliana del Carmen','55','154004485','4638443',2),(24130661,'Novak',0,'Domicilio 5017','email@email.com',0,'2008-03-12','1962-06-16','','Paula Mariela','38','154931059','4675449',3),(24131387,'DELGADO',0,'Domicilio 8538','email@email.com',0,'2012-04-23','1970-09-28','','SILVIA KARINA','57','154753433','4426696',3),(24143117,'Morinigo',0,'Domicilio 4439','email@email.com',0,'2011-10-09','1977-11-30','','Rosa Ma Gabriela','66','154444114','4360986',3),(24143256,'Rojas ',0,'Domicilio 6657','email@email.com',0,'1999-06-20','1963-05-21','','Viviana Mabel','26','154257715','4723439',2),(24294655,'Segui',0,'Domicilio 1944','email@email.com',1,'2000-04-24','1958-04-16','','Adriana Lucia','27','154607651','4063889',2),(24294858,'RODRIGUEZ',0,'Domicilio 6909','email@email.com',1,'2014-05-15','1977-08-16','','GRACIELA PETRONA','23','154768861','4065319',2),(24389202,'Mazo ',0,'Domicilio 5923','email@email.com',0,'2011-12-12','1959-05-28','','Karina Mariela','63','154563822','4076009',1),(24485566,'Rodriguez',0,'Domicilio 6244','email@email.com',1,'1999-05-22','1956-06-14','','Matilde Ester','11','154272922','4630525',2),(24509951,'Chamorro',0,'Domicilio 6318','email@email.com',0,'2005-03-22','1974-04-11','','Alejandra Cecilia','62','154655027','4246437',3),(24516692,'Cardozo',0,'Domicilio 8547','email@email.com',0,'2006-07-19','1978-11-15','','Mría Silvina','71','154301837','4347111',1),(24572255,'Patiño',0,'Domicilio 7153','email@email.com',0,'2003-03-15','1951-04-11','','Marina Sandra','78','154610129','4461737',1),(24572310,'Gonzalez',0,'Domicilio 1176','email@email.com',0,'2010-04-17','1965-09-03','','Nilda ','67','154361165','4608320',1),(24573249,'ESCUDERO',0,'Domicilio 9434','email@email.com',0,'2000-12-20','1971-04-20','','VERONICA FABIANA','48','154338144','4976816',1),(24573403,'Martinez',0,'Domicilio 9728','email@email.com',0,'2014-03-23','1972-02-17','','Hilda Ester','79','154431729','4967381',2),(24573604,'VARGAS',0,'Domicilio 4716','email@email.com',0,'2004-09-03','1983-11-14','','ELIDA RAQUEL','94','154361852','4732400',2),(24600324,'COTT',0,'Domicilio 3691','email@email.com',0,'2000-06-11','1977-03-30','','SUSANA MARIELA','20','154438889','4967610',3),(24601104,'LÓPEZ',0,'Domicilio 3178','email@email.com',0,'2004-02-15','1970-04-01','','Gladys Eliana Elizabeth','79','154429869','4535000',3),(24601250,'ACEVEDO',0,'Domicilio 9679','email@email.com',0,'2002-05-24','1981-05-12','','Patricia Fabiana','34','154034373','4080524',3),(24601563,'Fleitas',0,'Domicilio 2580','email@email.com',0,'2008-02-22','1957-11-04','','Lorena Elizabeth','47','154463693','4928754',3),(24601655,'Arriola',0,'Domicilio 2878','email@email.com',0,'2001-06-14','1983-05-16','','Gladis Beatriz','47','154879565','4408005',2),(24601704,'Garcia',0,'Domicilio 8579','email@email.com',0,'2011-11-12','1952-02-25','','Betiana Isabel','52','154385508','4298197',1),(24644783,'Denis ',0,'Domicilio 4627','email@email.com',0,'2005-06-03','1957-10-20','','Olga Ermelinda','55','154667531','4726393',1),(24679829,'Suárez ',0,'Domicilio 7650','email@email.com',0,'2004-10-12','1957-11-03','','Silvia Lorena','72','154660112','4821577',2),(24679887,'Oviedo',0,'Domicilio 8019','email@email.com',0,'2010-07-01','1982-06-27','','Daniela Itati','33','154104902','4975163',1),(24709560,'DRI DANIEL',0,'Domicilio 2614','email@email.com',1,'2003-06-26','1966-06-11','','CARLA LAURA','37','154607971','4097083',2),(24769433,'VERITE',0,'Domicilio 9633','email@email.com',1,'2010-04-04','1967-03-30','','MARIA  FLORENCIA','70','154774818','4875775',3),(24835945,'Vercelli',0,'Domicilio 4932','email@email.com',0,'2009-02-04','1954-09-02','',' Carla Andrea','87','154269085','4420928',3),(24865425,'Vargas ',0,'Domicilio 1305','email@email.com',0,'2001-03-29','1980-08-23','','Liliana Concecpcion ','11','154198073','4088035',2),(24903025,'Oliveira',0,'Domicilio 4304','email@email.com',0,'2007-02-21','1962-09-20','','Rosalina','72','154976506','4257552',2),(24932200,'Garcia',0,'Domicilio 5518','email@email.com',0,'2001-07-28','1966-12-06','','Fabiana Andrea','81','154617501','4831396',2),(24937904,'Ortiz',0,'Domicilio 8563','email@email.com',1,'2007-11-21','1959-09-03','','Marcela','98','154081980','4389410',1),(24985441,'Oliveira',0,'Domicilio 8618','email@email.com',0,'2002-10-30','1972-01-17','','Claudia Beatriz','84','154603526','4729905',1),(24985506,'Maidana',0,'Domicilio 6129','email@email.com',0,'2005-12-08','1956-03-20','','liliana elizabeth','63','154114444','4731535',1),(24989460,'Zarate',0,'Domicilio 6573','email@email.com',0,'2014-03-05','1950-03-17','','Silvia Beatriz','2','154411892','4052125',3),(25019526,'ORTIGOZA',0,'Domicilio 9750','email@email.com',0,'2010-11-08','1964-03-22','','Cristina Alejandra','36','154381195','4425480',3),(25066453,'FRAGOSO DE LIMA',0,'Domicilio 7627','email@email.com',0,'2007-03-10','1983-06-27','','NELIDA','66','154024034','4418049',1),(25159104,'Aguirre',0,'Domicilio 2646','email@email.com',0,'2013-04-20','1965-09-18','','Rosalia Mariza','78','154319742','4042465',2),(25192099,'Zarza ',0,'Domicilio 3614','email@email.com',0,'2001-07-17','1956-03-07','','Julia Beatriz','52','154855955','4380644',1),(25201554,'Gonzaga',0,'Domicilio 1804','email@email.com',0,'2001-10-27','1950-07-08','','Rosana Mabel','65','154216011','4396645',2),(25231594,'Vera',0,'Domicilio 2773','email@email.com',0,'2008-07-30','1972-03-11','','Barbara Anahi','5','154609374','4766351',2),(25313007,'Gauto',0,'Domicilio 1666','email@email.com',0,'2005-02-28','1967-03-15','','Mónica Beatriz','63','154788733','4880570',3),(25316907,'Herrera',0,'Domicilio 6760','email@email.com',0,'2006-05-27','1968-04-28','','Liliana Beatriz','8','154036505','4727132',2),(25322125,'ANDINO',0,'Domicilio 1856','email@email.com',0,'2009-06-18','1969-08-22','','Yolanda Elisabeth','14','154835361','4821526',2),(25340444,'TAGLIABUE',0,'Domicilio 5062','email@email.com',0,'2009-09-12','1968-07-14','','MARIELA VERONICA','82','154984249','4558979',3),(25428447,'Ojeda',0,'Domicilio 6748','email@email.com',0,'2000-03-31','1964-06-18','','Alejandra M','72','154035032','4046583',3),(25450204,'Sdanovichi',0,'Domicilio 4420','email@email.com',0,'2002-01-15','1972-03-17','','Susana Fabiola','87','154831896','4650671',3),(25450265,'Escobar',0,'Domicilio 2811','email@email.com',0,'2004-05-18','1954-02-13','','Silvia Elizabeth','74','154757434','4262706',2),(25489363,'Portillo',0,'Domicilio 4665','email@email.com',0,'2003-11-01','1976-08-19','','Ramona Alejandra Ermelinda','47','154293338','4113965',1),(25489484,'ORTIGOZA ',0,'Domicilio 4449','email@email.com',0,'2011-05-20','1971-06-14','','MELBA RAQUEL','8','154405525','4183627',1),(25535836,'SUAREZ',0,'Domicilio 9895','email@email.com',0,'2008-07-07','1975-07-14','','Claudia Griselda','75','154039445','4162514',3),(25758210,'VERITE',0,'Domicilio 9551','email@email.com',0,'2009-05-24','1969-12-31','','VERONICA','43','154951104','4964996',2),(25767251,'Gonzalez',0,'Domicilio 4984','email@email.com',0,'1999-10-30','1970-11-17','','Griselda Beatriz','27','154783259','4739695',1),(25774560,'Montero',0,'Domicilio 8848','email@email.com',0,'2001-05-29','1983-09-29','','Maria d l nieves','29','154142609','4126458',2),(25860834,'QUIROZ',0,'Domicilio 6966','email@email.com',0,'2012-10-14','1979-07-07','','ANDREA SOLEDAD','38','154057064','4248034',2),(25894270,'ALAMADA',0,'Domicilio 2930','email@email.com',0,'2000-12-06','1952-09-04','','MIRIAM ALICIA','15','154565858','4316465',3),(25895655,'KRIVONOSOW',0,'Domicilio 1012','email@email.com',1,'2000-02-16','1957-06-17','','Roxana Beatriz','56','154505206','4960706',2),(25985040,'Rodriguez',0,'Domicilio 2957','email@email.com',0,'2009-03-13','1974-11-17','','Georgina Marisol','6','154102617','4878802',1),(26082506,'Garrido',0,'Domicilio 7720','email@email.com',0,'2014-05-04','1952-03-26','',' Maria de los Angeles','45','154284373','4859127',3),(26286013,'Enriquez',0,'Domicilio 6178','email@email.com',1,'2010-04-12','1983-05-05','','Isabel Beatriz','62','154484270','4501635',2),(26286171,'IBAÑEZ',0,'Domicilio 5412','email@email.com',1,'2005-04-24','1974-04-09','','Natalia Soledad','14','154704347','4779915',3),(26292240,'GALEANO',0,'Domicilio 2332','email@email.com',1,'2005-04-18','1977-06-21','','MIRIAM SUSANA','67','154855229','4653359',3),(26292622,'AQUERI',0,'Domicilio 6499','email@email.com',0,'2000-12-01','1967-01-11','','Patricia Itati ','43','154535240','4113487',3),(26425752,'Garcia',0,'Domicilio 7043','email@email.com',0,'2001-01-01','1951-06-20','','Claudia Liliana','94','154937662','4413487',1),(26447307,'Avila',0,'Domicilio 9194','email@email.com',0,'2005-09-24','1974-12-18','','Marisa Alejandra','91','154855361','4071876',3),(26546441,'SANCHEZ',0,'Domicilio 9454','email@email.com',0,'2013-09-13','1968-09-19','','Mirian Soledad','39','154073012','4052871',1),(26578164,'CHAVEZ',0,'Domicilio 5808','email@email.com',0,'2003-04-15','1967-01-17','','CLAUDIA RAMONA','35','154294190','4220587',2),(26606894,'Vallaro',0,'Domicilio 9005','email@email.com',0,'2013-07-30','1972-09-13','','Isabel Romina','95','154284972','4103616',2),(26623490,'Gimenez',0,'Domicilio 6948','email@email.com',1,'1999-05-30','1981-02-27','','Alicia Elizabeth','47','154114010','4802060',2),(26754871,'Hnatiuk',0,'Domicilio 4470','email@email.com',1,'2005-08-20','1951-09-28','','María Juana','36','154130064','4060065',3),(26776185,'Gaona',0,'Domicilio 2228','email@email.com',0,'2010-11-20','1972-05-07','','Rita Marina ','68','154329579','4441175',3),(26776882,'Arguello ',0,'Domicilio 3480','email@email.com',0,'2004-02-11','1951-06-23','','Carla Analia','83','154830515','4145746',1),(26849016,'Quintana',0,'Domicilio 3719','email@email.com',0,'2010-06-10','1964-03-16','','Verónica Itatí','80','154465049','4482221',3),(26853222,'DE LA CRUZ',0,'Domicilio 8952','email@email.com',0,'2013-12-10','1968-03-02','','MIRIAM LILIANA','50','154249911','4590693',3),(27054164,'Galeano',0,'Domicilio 8617','email@email.com',0,'2002-08-10','1982-09-02','','Maria Carolina','23','154155976','4545641',3),(27116817,'MONTAÑO AQUINO',0,'Domicilio 9404','email@email.com',0,'2014-03-24','1979-05-12','','ROSANA ARACELI','80','154435496','4420152',2),(27200223,'Marecos',0,'Domicilio 5913','email@email.com',0,'1999-01-27','1954-01-01','','Victoria Beatriz','4','154384791','4795780',1),(27205305,'Rodriguez Souto',0,'Domicilio 3322','email@email.com',0,'1999-04-09','1977-03-28','','Claudia Andrea','62','154963902','4580293',2),(27221986,'NOLBERTO',0,'Domicilio 3660','email@email.com',0,'2000-07-22','1977-11-11','','MARIA MIRTA','68','154851555','4517861',2),(27233372,'SILVA',0,'Domicilio 1468','email@email.com',0,'2010-04-30','1973-02-10','','MARCELA CELESTE','80','154712369','4902495',1),(27233664,'Franco',0,'Domicilio 2563','email@email.com',0,'2002-04-23','1966-05-08','','Gilda Graciela','68','154277861','4437785',2),(27257937,'Pedraza',0,'Domicilio 4624','email@email.com',0,'2004-12-14','1962-04-08','','Maria Valeria','55','154316484','4336663',1),(27366789,'GANDUGLIA',0,'Domicilio 5049','email@email.com',0,'2008-06-14','1968-12-30','','María Lorena ','17','154054607','4311433',1),(27433794,'Cabrera',0,'Domicilio 7394','email@email.com',0,'2010-08-08','1976-11-28','','Liliana Esther','73','154728237','4804078',3),(27433797,'Nielsen',0,'Domicilio 9566','email@email.com',0,'2003-11-13','1952-12-08','','Mery Lizabeth','59','154447184','4084808',2),(27456218,'IBARRA',0,'Domicilio 3366','email@email.com',0,'2010-02-16','1960-10-04','','KARINA ALEJANDRA','74','154527999','4664694',3),(27456856,'Gutierrez',0,'Domicilio 9626','email@email.com',0,'1999-03-20','1958-07-07','','Karina Elena','64','154812957','4999232',3),(27470356,'Geneyro',0,'Domicilio 4961','email@email.com',0,'2006-04-21','1967-10-22','','Nora Eliana.','32','154764495','4574978',2),(27504424,'Prieto',0,'Domicilio 7319','email@email.com',0,'2006-06-14','1975-10-29','','Marisa Dorotea','94','154275801','4216586',2),(27554105,'Cunha',0,'Domicilio 6089','email@email.com',0,'2009-05-26','1970-03-17','','Carmen Marina','11','154257623','4961285',1),(27574610,'CAMBAS',0,'Domicilio 2505','email@email.com',0,'2006-02-18','1975-03-13','','PAULA ANDREA','33','154443991','4530530',2),(27650131,'MIÑO',0,'Domicilio 5380','email@email.com',0,'2004-08-02','1981-10-05','','Alicia','58','154278115','4119783',2),(27685910,'GOMEZ',0,'Domicilio 4670','email@email.com',0,'2010-02-21','1971-03-19','','Karina Vanesa','82','154234091','4339993',1),(27800047,'Mauri',0,'Domicilio 8815','email@email.com',0,'2008-07-24','1962-01-14','','Laura Mariela','22','154593463','4855769',3),(27800068,'De Miranda',0,'Domicilio 8696','email@email.com',0,'2002-07-10','1980-04-10','','Lorena Evelyn','15','154441994','4332144',2),(27979166,'Ferreira',0,'Domicilio 4171','email@email.com',0,'2010-09-07','1958-04-17','','Carolina Vanessa','61','154722640','4335590',3),(27979343,'Pintos',0,'Domicilio 5160','email@email.com',0,'2001-04-13','1975-08-12','','Paola Paticia','6','154915725','4379434',3),(27999936,'Bonato',0,'Domicilio 5695','email@email.com',0,'2011-11-22','1964-02-28','','Virginia Isabel','41','154699909','4432247',1),(28017815,'Ramirez',0,'Domicilio 5024','email@email.com',0,'2014-04-04','1965-03-28','','claudia Andrea','52','154298821','4326465',2),(28065205,'Paredes',0,'Domicilio 2764','email@email.com',0,'2012-02-26','1964-06-12','','Maria Josefa ','50','154172992','4321571',2),(28065478,'Ramirez',0,'Domicilio 3667','email@email.com',0,'2011-05-27','1961-05-11','','Andrea Liliana','47','154455905','4492865',3),(28084616,'Baez',0,'Domicilio 4415','email@email.com',0,'2011-07-19','1983-01-01','','Mercedes Lina','31','154778492','4679521',3),(28118896,'Reinaldo',0,'Domicilio 9890','email@email.com',0,'2000-10-05','1952-06-29','','Elsa Esther','38','154314255','4431764',2),(28246117,'ESCOBAR',0,'Domicilio 8277','email@email.com',1,'2000-08-16','1959-12-04','','Fabiana Eugenia','81','154490843','4649562',1),(28466304,'Azarmendia',0,'Domicilio 4257','email@email.com',0,'2013-06-26','1978-06-13','','Raquel Silvia','74','154921052','4552363',2),(28513597,'FARIÑA',0,'Domicilio 8887','email@email.com',0,'2004-01-22','1956-08-30','','María Cecilia','31','154094956','4432305',3),(28552811,'Da Silva',0,'Domicilio 4526','email@email.com',0,'2003-06-13','1981-05-22','','Mabel','60','154636819','4516162',2),(28589963,'Breard',0,'Domicilio 4764','email@email.com',0,'1999-08-26','1972-08-31','','Lidia Beatriz','66','154316241','4249341',2),(28610740,'FERRARI',0,'Domicilio 8759','email@email.com',0,'2007-06-15','1965-07-25','','VANESA FABIOLA','2','154165315','4405804',2),(28818364,'CABRERA',0,'Domicilio 7292','email@email.com',0,'2004-09-03','1955-06-01','','ANALIA LORENA','92','154180773','4433813',3),(28832531,'Avalos',0,'Domicilio 6354','email@email.com',0,'2010-08-07','1979-11-12','','Rossana Soledad','14','154660032','4834716',3),(28903354,'DAVALOS',0,'Domicilio 2608','email@email.com',0,'2007-05-26','1972-10-01','','LORENA TAMARA','12','154685650','4825550',2),(29008677,'Quiñones',0,'Domicilio 8361','email@email.com',0,'2011-07-15','1970-04-16','','Laura Edith','19','154345659','4377322',3),(29054393,'Silva',0,'Domicilio 6790','email@email.com',0,'2008-02-11','1952-02-25','','Maria Soleda','16','154034001','4524702',3),(29241507,'Benito',0,'Domicilio 5774','email@email.com',0,'2010-05-26','1971-05-03','','Natalia Rosa','59','154946972','4183301',2),(29325180,'SADANIOVSKI',0,'Domicilio 4327','email@email.com',0,'2010-05-04','1950-12-28','','Claudia Alejandra','88','154628191','4264424',2),(29411528,'Dominguez',0,'Domicilio 1024','email@email.com',0,'2003-09-27','1961-09-02','','Flavia Alejandra','47','154387661','4067282',3),(29431996,'SANCHEZ',0,'Domicilio 1712','email@email.com',0,'1999-11-10','1969-05-29','','Marcelina Mabel','52','154718356','4405609',1),(29441092,'Franco',0,'Domicilio 9156','email@email.com',0,'2006-09-22','1958-08-30','','Laura Micaela','48','154132922','4541808',3),(29455785,'HASEITEL',0,'Domicilio 2619','email@email.com',0,'2007-02-02','1958-12-22','','Isabel','96','154937121','4149922',2),(29596937,'SOSA',0,'Domicilio 3963','email@email.com',0,'2008-12-14','1974-05-31','','Paola Andrea','1','154097607','4267404',3),(29671618,'ALFONSO',0,'Domicilio 3247','email@email.com',0,'2012-10-25','1980-05-07','','María Alicia del Carmen','37','154559695','4073662',1),(29671701,'Bado',0,'Domicilio 3093','email@email.com',0,'2000-05-16','1976-09-18','','Natalia  Vanesa','13','154265467','4590144',1),(29671992,'RODRIGUEZ',0,'Domicilio 3215','email@email.com',0,'2008-10-11','1973-07-23','','María Laura','69','154322328','4665369',3),(29698224,'LOPEZ',0,'Domicilio 5604','email@email.com',0,'2002-05-01','1978-11-18','','Estela Soledad','88','154758095','4074175',3),(29806907,'Rios',0,'Domicilio 9246','email@email.com',0,'2010-12-22','1970-01-09','','Shirley','46','154462424','4642400',2),(29806908,'Dominguez',0,'Domicilio 6485','email@email.com',0,'2012-10-05','1964-12-21','','Ma Cecilia','7','154729996','4357048',1),(30003106,'Santa Cruz',0,'Domicilio 8924','email@email.com',0,'2001-03-05','1975-06-09','','Marta Beatriz','37','154257736','4825927',1),(30084028,'Brizuela',0,'Domicilio 5484','email@email.com',0,'2010-10-24','1966-02-08','','Claudia Soledad','65','154824644','4194287',1),(30165274,'Pintos',0,'Domicilio 9125','email@email.com',0,'2003-10-12','1950-06-17','','Natalia Alejandra','47','154494859','4995702',2),(30255272,'Correa',0,'Domicilio 5222','email@email.com',0,'2009-08-01','1971-10-12','','Maria Agustina','73','154863958','4684577',1),(30297834,'ARROYO',0,'Domicilio 7578','email@email.com',0,'1999-08-24','1952-08-09','','Dalma Ramona','31','154954031','4126543',2),(30362346,'Fernandez',0,'Domicilio 9101','email@email.com',0,'2011-07-18','1976-12-05','','Laura Itati','46','154102645','4077212',3),(30396924,'ARBO de FLEITA',0,'Domicilio 4191','email@email.com',0,'2009-03-31','1978-05-27','','Andrea Gabriela','31','154547190','4183563',3),(30398079,'DIAZ',0,'Domicilio 1469','email@email.com',0,'2006-02-11','1968-02-02','','MELISA IVANA','43','154504769','4154951',3),(30619550,'FERNANDEZ',0,'Domicilio 4669','email@email.com',0,'2004-03-25','1965-06-23','','MARINA ISABEL','36','154341315','4616090',3),(30687895,'Cardozo',0,'Domicilio 3588','email@email.com',0,'2008-01-16','1966-04-06','','Noemi Paola','73','154014960','4112711',1),(30790108,'Montero',0,'Domicilio 7138','email@email.com',0,'2002-09-21','1960-01-19','','Romina','75','154509050','4446107',3),(30790455,'Pintos',0,'Domicilio 8328','email@email.com',0,'2003-03-16','1967-11-03','','Romina','96','154122010','4853121',2),(30846541,'ORTIZ',0,'Domicilio 7804','email@email.com',0,'2002-08-08','1971-11-08','','Romina Valeria','66','154354297','4356117',1),(30935057,'ABINAGALDE',0,'Domicilio 8262','email@email.com',0,'2012-11-09','1967-05-29','','VALERIA ALEJANDRA','60','154487797','4191378',3),(33012397,'ALONSO',0,'Domicilio 3571','email@email.com',0,'2012-03-30','1976-02-13','','Blanca Zunilda','68','154600238','4451626',3),(36408906,'Machado',0,'Domicilio 9479','email@email.com',0,'2007-07-19','1972-10-02','','Mónica Beatríz','68','154269400','4062974',2),(92255489,'Nuñez Palacios',0,'Domicilio 5313','email@email.com',1,'1999-04-07','1976-03-09','','Alejandra Maria','51','154181509','4736512',2),(92452168,'Garcia',0,'Domicilio 1458','email@email.com',0,'2007-12-03','1982-04-16','','María Roque','86','154263284','4956825',1),(93512269,'Barraza Campos',0,'Domicilio 1832','email@email.com',1,'2014-05-14','1980-04-13','','Agustina Elizabeth','86','154643796','4360287',1),(93997742,'Avalos Oribe',0,'Domicilio 1823','email@email.com',0,'2006-02-13','1954-12-19','','Dionisia','41','154209996','4423500',3);
/*!40000 ALTER TABLE `socia` ENABLE KEYS */;
UNLOCK TABLES;

--
-- Table structure for table `socia_deuda`
--

DROP TABLE IF EXISTS `socia_deuda`;
/*!40101 SET @saved_cs_client     = @@character_set_client */;
/*!40101 SET character_set_client = utf8 */;
CREATE TABLE `socia_deuda` (
  `Socia_DNI` bigint(20) NOT NULL,
  `deudas_IDDEUDA` bigint(20) NOT NULL,
  PRIMARY KEY (`Socia_DNI`,`deudas_IDDEUDA`),
  KEY `FK_SOCIA_DEUDA_deudas_IDDEUDA` (`deudas_IDDEUDA`),
  CONSTRAINT `FK_SOCIA_DEUDA_Socia_DNI` FOREIGN KEY (`Socia_DNI`) REFERENCES `socia` (`DNI`),
  CONSTRAINT `FK_SOCIA_DEUDA_deudas_IDDEUDA` FOREIGN KEY (`deudas_IDDEUDA`) REFERENCES `deuda` (`IDDEUDA`)
) ENGINE=InnoDB DEFAULT CHARSET=utf8;
/*!40101 SET character_set_client = @saved_cs_client */;

--
-- Dumping data for table `socia_deuda`
--

LOCK TABLES `socia_deuda` WRITE;
/*!40000 ALTER TABLE `socia_deuda` DISABLE KEYS */;
INSERT INTO `socia_deuda` VALUES (5917598,453),(6074300,457),(10534228,461),(10639418,465),(10955361,469),(11392148,473),(11399982,477),(11479299,481),(11479449,485),(11635309,489),(11661464,493),(11694515,497),(12296490,501),(12637259,505),(12637417,509),(12852501,513),(12898395,517),(12956647,521),(13004758,525),(13005252,529),(13005781,533),(13005891,537),(13005993,541),(13013763,545),(13248833,549),(13350813,553),(13421303,557),(13558172,561),(13658522,565),(13867641,569),(13897862,573),(13957943,577),(14181471,581),(14194183,585),(14209322,589),(14258039,593),(14258752,597),(14301412,601),(14335266,605),(14335484,609),(14469013,613),(14551343,617),(14713298,621),(14745833,625),(14745996,629),(14826658,633),(14826696,637),(14911492,641),(14926497,645),(14946666,649),(14946893,653),(14957513,657),(14960101,661),(14986595,665),(16163272,669),(16205157,673),(16356400,677),(16365101,681),(16365171,685),(16365251,689),(16367471,693),(16563703,697),(16650419,701),(16695422,705),(16695464,709),(16695503,713),(16695780,717),(16696948,721),(16829403,725),(16853984,729),(16871076,733),(16944749,737),(16986200,741),(16993353,745),(17039784,749),(17064155,753),(17093025,757),(17135365,761),(17135398,765),(17164587,769),(17170689,773),(17170744,777),(17216632,781),(17299811,785),(17312131,789),(17369473,793),(17378032,797),(17525644,801),(17525767,805),(17562547,809),(17562559,813),(17604599,817),(17630446,821),(17652488,825),(17675809,829),(17751922,833),(17760877,837),(17760927,841),(17773508,845),(17814471,849),(17831378,853),(17905182,857),(17952248,861),(17980404,865),(17980484,869),(18063802,873),(18095622,877),(18095845,881),(18180848,885),(18265145,889),(18290431,893),(18308518,897),(18438573,901),(18464360,905),(18465156,909),(18546184,913),(18683582,917),(18694386,921),(18701304,925),(18767528,929),(18776248,933),(18793716,937),(18801405,941),(20117775,945),(20117813,949),(20175929,953),(20186811,957),(20290582,961),(20338247,965),(20338614,969),(20338642,973),(20476201,977),(20484881,981),(20495953,985),(20500992,989),(20518423,993),(20545757,997),(20578722,1001),(20629246,1005),(20737427,1009),(20815489,1013),(20899640,1017),(20907159,1021),(20939295,1025),(21180225,1029),(21182875,1033),(21300349,1037),(21300428,1041),(21301810,1045),(21302821,1049),(21303869,1053),(21304070,1057),(21305751,1061),(21365232,1065),(21546890,1069),(21562507,1073),(21598339,1077),(21634884,1081),(21660785,1085),(21684508,1089),(21723344,1093),(21723721,1097),(21775640,1101),(21781027,1105),(21781619,1109),(21781681,1113),(21781725,1117),(21793705,1121),(21974458,1125),(21976884,1129),(22040318,1133),(22090129,1137),(22090330,1141),(22090333,1145),(22090400,1149),(22141132,1153),(22141155,1157),(22351819,1161),(22351900,1165),(22352199,1169),(22485728,1173),(22488411,1177),(22488625,1181),(22488745,1185),(22508922,1189),(22539277,1193),(22662681,1197),(22692609,1201),(22737993,1205),(22738113,1209),(22814059,1213),(22835570,1217),(22835678,1221),(22835931,1225),(22836855,1229),(22870686,1233),(22944957,1237),(23035827,1241),(23066520,1245),(23096336,1249),(23096644,1253),(23170837,1257),(23207943,1261),(23338376,1265),(23349910,1269),(23383304,1273),(23383428,1277),(23430610,1281),(23468003,1285),(23482663,1289),(23546861,1293),(23675117,1297),(23675136,1301),(23675148,1305),(23675260,1309),(23675431,1313),(23690040,1317),(23690119,1321),(23737897,1325),(23900628,1329),(23901844,1333),(23910719,1337),(23951159,1341),(23951555,1345),(23951570,1349),(24076719,1353),(24090590,1357),(24118105,1361),(24130561,1365),(24130661,1369),(24131387,1373),(24143117,1377),(24143256,1381),(24294655,1385),(24294858,1389),(24389202,1393),(24485566,1397),(24509951,1401),(24516692,1405),(24572255,1409),(24572310,1413),(24573249,1417),(24573403,1421),(24573604,1425),(24600324,1429),(24601104,1433),(24601250,1437),(24601563,1441),(24601655,1445),(24601704,1449),(24644783,1453),(24679829,1457),(24679887,1461),(24709560,1465),(24769433,1469),(24835945,1473),(24865425,1477),(24903025,1481),(24932200,1485),(24937904,1489),(24985441,1493),(24985506,1497),(24989460,1501),(25019526,1505),(25066453,1509),(25159104,1513),(25192099,1517),(25201554,1521),(25231594,1525),(25313007,1529),(25316907,1533),(25322125,1537),(25340444,1541),(25428447,1545),(25450204,1549),(25450265,1553),(25489363,1557),(25489484,1561),(25535836,1565),(25758210,1569),(25767251,1573),(25774560,1577),(25860834,1581),(25894270,1585),(25895655,1589),(25985040,1593),(26082506,1597),(26286013,1601),(26286171,1605),(26292240,1609),(26292622,1613),(26425752,1617),(26447307,1621),(26546441,1625),(26578164,1629),(26606894,1633),(26623490,1637),(26754871,1641),(26776185,1645),(26776882,1649),(26849016,1653),(26853222,1657),(27054164,1661),(27116817,1665),(27200223,1669),(27205305,1673),(27221986,1677),(27233372,1681),(27233664,1685),(27257937,1689),(27366789,1693),(27433794,1697),(27433797,1701),(27456218,1705),(27456856,1709),(27470356,1713),(27504424,1717),(27554105,1721),(27574610,1725),(27650131,1729),(27685910,1733),(27800047,1737),(27800068,1741),(27979166,1745),(27979343,1749),(27999936,1753),(28017815,1757),(28065205,1761),(28065478,1765),(28084616,1769),(28118896,1773),(28246117,1777),(28466304,1781),(28513597,1785),(28552811,1789),(28589963,1793),(28610740,1797),(28818364,1801),(28832531,1805),(28903354,1809),(29008677,1813),(29054393,1817),(29241507,1821),(29325180,1825),(29411528,1829),(29431996,1833),(29441092,1837),(29455785,1841),(29596937,1845),(29671618,1849),(29671701,1853),(29671992,1857),(29698224,1861),(29806907,1865),(29806908,1869),(30003106,1873),(30084028,1877),(30165274,1881),(30255272,1885),(30297834,1889),(30362346,1893),(30396924,1897),(30398079,1901),(30619550,1905),(30687895,1909),(30790108,1913),(30790455,1917),(30846541,1921),(30935057,1925),(33012397,1929),(36408906,1933),(92255489,1937),(92452168,1941),(93512269,1945),(93997742,1949),(10955361,2402),(5917598,2452),(6074300,2454),(10534228,2456),(10639418,2458),(10955361,2460),(11392148,2462),(11399982,2464),(11479299,2466),(11479449,2468),(11635309,2470),(11661464,2472),(11694515,2474),(12296490,2476),(12637259,2478),(12637417,2480),(12852501,2482),(12898395,2484),(12956647,2486),(13004758,2488),(13005252,2490),(13005781,2492),(13005891,2494),(13005993,2496),(13013763,2498),(13248833,2500),(13350813,2502),(13421303,2504),(13558172,2506),(13658522,2508),(13867641,2510),(13897862,2512),(13957943,2514),(14181471,2516),(14194183,2518),(14209322,2520),(14258039,2522),(14258752,2524),(14301412,2526),(14335266,2528),(14335484,2530),(14469013,2532),(14551343,2534),(14713298,2536),(14745833,2538),(14745996,2540),(14826658,2542),(14826696,2544),(14911492,2546),(14926497,2548),(14946666,2550),(14946893,2552),(14957513,2554),(14960101,2556),(14986595,2558),(16163272,2560),(16205157,2562),(16356400,2564),(16365101,2566),(16365171,2568),(16365251,2570),(16367471,2572),(16563703,2574),(16650419,2576),(16695422,2578),(16695464,2580),(16695503,2582),(16695780,2584),(16696948,2586),(16829403,2588),(16853984,2590),(16871076,2592),(16944749,2594),(16986200,2596),(16993353,2598),(17039784,2600),(17064155,2602),(17093025,2604),(17135365,2606),(17135398,2608),(17164587,2610),(17170689,2612),(17170744,2614),(17216632,2616),(17299811,2618),(17312131,2620),(17369473,2622),(17378032,2624),(17525644,2626),(17525767,2628),(17562547,2630),(17562559,2632),(17604599,2634),(17630446,2636),(17652488,2638),(17675809,2640),(17751922,2642),(17760877,2644),(17760927,2646),(17773508,2648),(17814471,2650),(17831378,2652),(17905182,2654),(17952248,2656),(17980404,2658),(17980484,2660),(18063802,2662),(18095622,2664),(18095845,2666),(18180848,2668),(18265145,2670),(18290431,2672),(18308518,2674),(18438573,2676),(18464360,2678),(18465156,2680),(18546184,2682),(18683582,2684),(18694386,2686),(18701304,2688),(18767528,2690),(18776248,2692),(18793716,2694),(18801405,2696),(20117775,2698),(20117813,2700),(20175929,2702),(20186811,2704),(20290582,2706),(20338247,2708),(20338614,2710),(20338642,2712),(20476201,2714),(20484881,2716),(20495953,2718),(20500992,2720),(20518423,2722),(20545757,2724),(20578722,2726),(20629246,2728),(20737427,2730),(20815489,2732),(20899640,2734),(20907159,2736),(20939295,2738),(21180225,2740),(21182875,2742),(21300349,2744),(21300428,2746),(21301810,2748),(21302821,2750),(21303869,2752),(21304070,2754),(21305751,2756),(21365232,2758),(21546890,2760),(21562507,2762),(21598339,2764),(21634884,2766),(21660785,2768),(21684508,2770),(21723344,2772),(21723721,2774),(21775640,2776),(21781027,2778),(21781619,2780),(21781681,2782),(21781725,2784),(21793705,2786),(21974458,2788),(21976884,2790),(22040318,2792),(22090129,2794),(22090330,2796),(22090333,2798),(22090400,2800),(22141132,2802),(22141155,2804),(22351819,2806),(22351900,2808),(22352199,2810),(22485728,2812),(22488411,2814),(22488625,2816),(22488745,2818),(22508922,2820),(22539277,2822),(22662681,2824),(22692609,2826),(22737993,2828),(22738113,2830),(22814059,2832),(22835570,2834),(22835678,2836),(22835931,2838),(22836855,2840),(22870686,2842),(22944957,2844),(23035827,2846),(23066520,2848),(23096336,2850),(23096644,2852),(23170837,2854),(23207943,2856),(23338376,2858),(23349910,2860),(23383304,2862),(23383428,2864),(23430610,2866),(23468003,2868),(23482663,2870),(23546861,2872),(23675117,2874),(23675136,2876),(23675148,2878),(23675260,2880),(23675431,2882),(23690040,2884),(23690119,2886),(23737897,2888),(23900628,2890),(23901844,2892),(23910719,2894),(23951159,2896),(23951555,2898),(23951570,2900),(24076719,2902),(24090590,2904),(24118105,2906),(24130561,2908),(24130661,2910),(24131387,2912),(24143117,2914),(24143256,2916),(24294655,2918),(24294858,2920),(24389202,2922),(24485566,2924),(24509951,2926),(24516692,2928),(24572255,2930),(24572310,2932),(24573249,2934),(24573403,2936),(24573604,2938),(24600324,2940),(24601104,2942),(24601250,2944),(24601563,2946),(24601655,2948),(24601704,2950),(24644783,2952),(24679829,2954),(24679887,2956),(24709560,2958),(24769433,2960),(24835945,2962),(24865425,2964),(24903025,2966),(24932200,2968),(24937904,2970),(24985441,2972),(24985506,2974),(24989460,2976),(25019526,2978),(25066453,2980),(25159104,2982),(25192099,2984),(25201554,2986),(25231594,2988),(25313007,2990),(25316907,2992),(25322125,2994),(25340444,2996),(25428447,2998),(25450204,3000),(25450265,3002),(25489363,3004),(25489484,3006),(25535836,3008),(25758210,3010),(25767251,3012),(25774560,3014),(25860834,3016),(25894270,3018),(25895655,3020),(25985040,3022),(26082506,3024),(26286013,3026),(26286171,3028),(26292240,3030),(26292622,3032),(26425752,3034),(26447307,3036),(26546441,3038),(26578164,3040),(26606894,3042),(26623490,3044),(26754871,3046),(26776185,3048),(26776882,3050),(26849016,3052),(26853222,3054),(27054164,3056),(27116817,3058),(27200223,3060),(27205305,3062),(27221986,3064),(27233372,3066),(27233664,3068),(27257937,3070),(27366789,3072),(27433794,3074),(27433797,3076),(27456218,3078),(27456856,3080),(27470356,3082),(27504424,3084),(27554105,3086),(27574610,3088),(27650131,3090),(27685910,3092),(27800047,3094),(27800068,3096),(27979166,3098),(27979343,3100),(27999936,3102),(28017815,3104),(28065205,3106),(28065478,3108),(28084616,3110),(28118896,3112),(28246117,3114),(28466304,3116),(28513597,3118),(28552811,3120),(28589963,3122),(28610740,3124),(28818364,3126),(28832531,3128),(28903354,3130),(29008677,3132),(29054393,3134),(29241507,3136),(29325180,3138),(29411528,3140),(29431996,3142),(29441092,3144),(29455785,3146),(29596937,3148),(29671618,3150),(29671701,3152),(29671992,3154),(29698224,3156),(29806907,3158),(29806908,3160),(30003106,3162),(30084028,3164),(30165274,3166),(30255272,3168),(30297834,3170),(30362346,3172),(30396924,3174),(30398079,3176),(30619550,3178),(30687895,3180),(30790108,3182),(30790455,3184),(30846541,3186),(30935057,3188),(33012397,3190),(36408906,3192),(92255489,3194),(92452168,3196),(93512269,3198),(93997742,3200),(5917598,3254),(5917598,3260),(5917598,3264),(5917598,3353);
/*!40000 ALTER TABLE `socia_deuda` ENABLE KEYS */;
UNLOCK TABLES;

--
-- Table structure for table `socia_ergometria`
--

DROP TABLE IF EXISTS `socia_ergometria`;
/*!40101 SET @saved_cs_client     = @@character_set_client */;
/*!40101 SET character_set_client = utf8 */;
CREATE TABLE `socia_ergometria` (
  `Socia_DNI` bigint(20) NOT NULL,
  `ergometrias_IDERGOMETRIA` bigint(20) NOT NULL,
  PRIMARY KEY (`Socia_DNI`,`ergometrias_IDERGOMETRIA`),
  KEY `FK_SOCIA_ERGOMETRIA_ergometrias_IDERGOMETRIA` (`ergometrias_IDERGOMETRIA`),
  CONSTRAINT `FK_SOCIA_ERGOMETRIA_Socia_DNI` FOREIGN KEY (`Socia_DNI`) REFERENCES `socia` (`DNI`),
  CONSTRAINT `FK_SOCIA_ERGOMETRIA_ergometrias_IDERGOMETRIA` FOREIGN KEY (`ergometrias_IDERGOMETRIA`) REFERENCES `ergometria` (`IDERGOMETRIA`)
) ENGINE=InnoDB DEFAULT CHARSET=utf8;
/*!40101 SET character_set_client = @saved_cs_client */;

--
-- Dumping data for table `socia_ergometria`
--

LOCK TABLES `socia_ergometria` WRITE;
/*!40000 ALTER TABLE `socia_ergometria` DISABLE KEYS */;
INSERT INTO `socia_ergometria` VALUES (5917598,1951),(6074300,1952),(10534228,1953),(10639418,1954),(10955361,1955),(11392148,1956),(11399982,1957),(11479299,1958),(11479449,1959),(11635309,1960),(11661464,1961),(11694515,1962),(12296490,1963),(12637259,1964),(12637417,1965),(12852501,1966),(12898395,1967),(12956647,1968),(13004758,1969),(13005252,1970),(13005781,1971),(13005891,1972),(13005993,1973),(13013763,1974),(13248833,1975),(13350813,1976),(13421303,1977),(13558172,1978),(13658522,1979),(13867641,1980),(13897862,1981),(13957943,1982),(14181471,1983),(14194183,1984),(14209322,1985),(14258039,1986),(14258752,1987),(14301412,1988),(14335266,1989),(14335484,1990),(14469013,1991),(14551343,1992),(14713298,1993),(14745833,1994),(14745996,1995),(14826658,1996),(14826696,1997),(14911492,1998),(14926497,1999),(14946666,2000),(14946893,2001),(14957513,2002),(14960101,2003),(14986595,2004),(16163272,2005),(16205157,2006),(16356400,2007),(16365101,2008),(16365171,2009),(16365251,2010),(16367471,2011),(16563703,2012),(16650419,2013),(16695422,2014),(16695464,2015),(16695503,2016),(16695780,2017),(16696948,2018),(16829403,2019),(16853984,2020),(16871076,2021),(16944749,2022),(16986200,2023),(16993353,2024),(17039784,2025),(17064155,2026),(17093025,2027),(17135365,2028),(17135398,2029),(17164587,2030),(17170689,2031),(17170744,2032),(17216632,2033),(17299811,2034),(17312131,2035),(17369473,2036),(17378032,2037),(17525644,2038),(17525767,2039),(17562547,2040),(17562559,2041),(17604599,2042),(17630446,2043),(17652488,2044),(17675809,2045),(17751922,2046),(17760877,2047),(17760927,2048),(17773508,2049),(17814471,2050),(17831378,2051),(17905182,2052),(17952248,2053),(17980404,2054),(17980484,2055),(18063802,2056),(18095622,2057),(18095845,2058),(18180848,2059),(18265145,2060),(18290431,2061),(18308518,2062),(18438573,2063),(18464360,2064),(18465156,2065),(18546184,2066),(18683582,2067),(18694386,2068),(18701304,2069),(18767528,2070),(18776248,2071),(18793716,2072),(18801405,2073),(20117775,2074),(20117813,2075),(20175929,2076),(20186811,2077),(20290582,2078),(20338247,2079),(20338614,2080),(20338642,2081),(20476201,2082),(20484881,2083),(20495953,2084),(20500992,2085),(20518423,2086),(20545757,2087),(20578722,2088),(20629246,2089),(20737427,2090),(20815489,2091),(20899640,2092),(20907159,2093),(20939295,2094),(21180225,2095),(21182875,2096),(21300349,2097),(21300428,2098),(21301810,2099),(21302821,2100),(21303869,2101),(21304070,2102),(21305751,2103),(21365232,2104),(21546890,2105),(21562507,2106),(21598339,2107),(21634884,2108),(21660785,2109),(21684508,2110),(21723344,2111),(21723721,2112),(21775640,2113),(21781027,2114),(21781619,2115),(21781681,2116),(21781725,2117),(21793705,2118),(21974458,2119),(21976884,2120),(22040318,2121),(22090129,2122),(22090330,2123),(22090333,2124),(22090400,2125),(22141132,2126),(22141155,2127),(22351819,2128),(22351900,2129),(22352199,2130),(22485728,2131),(22488411,2132),(22488625,2133),(22488745,2134),(22508922,2135),(22539277,2136),(22662681,2137),(22692609,2138),(22737993,2139),(22738113,2140),(22814059,2141),(22835570,2142),(22835678,2143),(22835931,2144),(22836855,2145),(22870686,2146),(22944957,2147),(23035827,2148),(23066520,2149),(23096336,2150),(23096644,2151),(23170837,2152),(23207943,2153),(23338376,2154),(23349910,2155),(23383304,2156),(23383428,2157),(23430610,2158),(23468003,2159),(23482663,2160),(23546861,2161),(23675117,2162),(23675136,2163),(23675148,2164),(23675260,2165),(23675431,2166),(23690040,2167),(23690119,2168),(23737897,2169),(23900628,2170),(23901844,2171),(23910719,2172),(23951159,2173),(23951555,2174),(23951570,2175),(24076719,2176),(24090590,2177),(24118105,2178),(24130561,2179),(24130661,2180),(24131387,2181),(24143117,2182),(24143256,2183),(24294655,2184),(24294858,2185),(24389202,2186),(24485566,2187),(24509951,2188),(24516692,2189),(24572255,2190),(24572310,2191),(24573249,2192),(24573403,2193),(24573604,2194),(24600324,2195),(24601104,2196),(24601250,2197),(24601563,2198),(24601655,2199),(24601704,2200),(24644783,2201),(24679829,2202),(24679887,2203),(24709560,2204),(24769433,2205),(24835945,2206),(24865425,2207),(24903025,2208),(24932200,2209),(24937904,2210),(24985441,2211),(24985506,2212),(24989460,2213),(25019526,2214),(25066453,2215),(25159104,2216),(25192099,2217),(25201554,2218),(25231594,2219),(25313007,2220),(25316907,2221),(25322125,2222),(25340444,2223),(25428447,2224),(25450204,2225),(25450265,2226),(25489363,2227),(25489484,2228),(25535836,2229),(25758210,2230),(25767251,2231),(25774560,2232),(25860834,2233),(25894270,2234),(25895655,2235),(25985040,2236),(26082506,2237),(26286013,2238),(26286171,2239),(26292240,2240),(26292622,2241),(26425752,2242),(26447307,2243),(26546441,2244),(26578164,2245),(26606894,2246),(26623490,2247),(26754871,2248),(26776185,2249),(26776882,2250),(26849016,2251),(26853222,2252),(27054164,2253),(27116817,2254),(27200223,2255),(27205305,2256),(27221986,2257),(27233372,2258),(27233664,2259),(27257937,2260),(27366789,2261),(27433794,2262),(27433797,2263),(27456218,2264),(27456856,2265),(27470356,2266),(27504424,2267),(27554105,2268),(27574610,2269),(27650131,2270),(27685910,2271),(27800047,2272),(27800068,2273),(27979166,2274),(27979343,2275),(27999936,2276),(28017815,2277),(28065205,2278),(28065478,2279),(28084616,2280),(28118896,2281),(28246117,2282),(28466304,2283),(28513597,2284),(28552811,2285),(28589963,2286),(28610740,2287),(28818364,2288),(28832531,2289),(28903354,2290),(29008677,2291),(29054393,2292),(29241507,2293),(29325180,2294),(29411528,2295),(29431996,2296),(29441092,2297),(29455785,2298),(29596937,2299),(29671618,2300),(29671701,2301),(29671992,2302),(29698224,2303),(29806907,2304),(29806908,2305),(30003106,2306),(30084028,2307),(30165274,2308),(30255272,2309),(30297834,2310),(30362346,2311),(30396924,2312),(30398079,2313),(30619550,2314),(30687895,2315),(30790108,2316),(30790455,2317),(30846541,2318),(30935057,2319),(33012397,2320),(36408906,2321),(92255489,2322),(92452168,2323),(93512269,2324),(93997742,2325);
/*!40000 ALTER TABLE `socia_ergometria` ENABLE KEYS */;
UNLOCK TABLES;

--
-- Table structure for table `socia_estado`
--

DROP TABLE IF EXISTS `socia_estado`;
/*!40101 SET @saved_cs_client     = @@character_set_client */;
/*!40101 SET character_set_client = utf8 */;
CREATE TABLE `socia_estado` (
  `Socia_DNI` bigint(20) NOT NULL,
  `estados_IDESTADO` bigint(20) NOT NULL,
  PRIMARY KEY (`Socia_DNI`,`estados_IDESTADO`),
  KEY `FK_SOCIA_ESTADO_estados_IDESTADO` (`estados_IDESTADO`),
  CONSTRAINT `FK_SOCIA_ESTADO_Socia_DNI` FOREIGN KEY (`Socia_DNI`) REFERENCES `socia` (`DNI`),
  CONSTRAINT `FK_SOCIA_ESTADO_estados_IDESTADO` FOREIGN KEY (`estados_IDESTADO`) REFERENCES `estado` (`IDESTADO`)
) ENGINE=InnoDB DEFAULT CHARSET=utf8;
/*!40101 SET character_set_client = @saved_cs_client */;

--
-- Dumping data for table `socia_estado`
--

LOCK TABLES `socia_estado` WRITE;
/*!40000 ALTER TABLE `socia_estado` DISABLE KEYS */;
INSERT INTO `socia_estado` VALUES (5917598,76),(6074300,77),(10534228,78),(10639418,79),(10955361,80),(11392148,81),(11399982,82),(11479299,83),(11479449,84),(11635309,85),(11661464,86),(11694515,87),(12296490,88),(12637259,89),(12637417,90),(12852501,91),(12898395,92),(12956647,93),(13004758,94),(13005252,95),(13005781,96),(13005891,97),(13005993,98),(13013763,99),(13248833,100),(13350813,101),(13421303,102),(13558172,103),(13658522,104),(13867641,105),(13897862,106),(13957943,107),(14181471,108),(14194183,109),(14209322,110),(14258039,111),(14258752,112),(14301412,113),(14335266,114),(14335484,115),(14469013,116),(14551343,117),(14713298,118),(14745833,119),(14745996,120),(14826658,121),(14826696,122),(14911492,123),(14926497,124),(14946666,125),(14946893,126),(14957513,127),(14960101,128),(14986595,129),(16163272,130),(16205157,131),(16356400,132),(16365101,133),(16365171,134),(16365251,135),(16367471,136),(16563703,137),(16650419,138),(16695422,139),(16695464,140),(16695503,141),(16695780,142),(16696948,143),(16829403,144),(16853984,145),(16871076,146),(16944749,147),(16986200,148),(16993353,149),(17039784,150),(17064155,151),(17093025,152),(17135365,153),(17135398,154),(17164587,155),(17170689,156),(17170744,157),(17216632,158),(17299811,159),(17312131,160),(17369473,161),(17378032,162),(17525644,163),(17525767,164),(17562547,165),(17562559,166),(17604599,167),(17630446,168),(17652488,169),(17675809,170),(17751922,171),(17760877,172),(17760927,173),(17773508,174),(17814471,175),(17831378,176),(17905182,177),(17952248,178),(17980404,179),(17980484,180),(18063802,181),(18095622,182),(18095845,183),(18180848,184),(18265145,185),(18290431,186),(18308518,187),(18438573,188),(18464360,189),(18465156,190),(18546184,191),(18683582,192),(18694386,193),(18701304,194),(18767528,195),(18776248,196),(18793716,197),(18801405,198),(20117775,199),(20117813,200),(20175929,201),(20186811,202),(20290582,203),(20338247,204),(20338614,205),(20338642,206),(20476201,207),(20484881,208),(20495953,209),(20500992,210),(20518423,211),(20545757,212),(20578722,213),(20629246,214),(20737427,215),(20815489,216),(20899640,217),(20907159,218),(20939295,219),(21180225,220),(21182875,221),(21300349,222),(21300428,223),(21301810,224),(21302821,225),(21303869,226),(21304070,227),(21305751,228),(21365232,229),(21546890,230),(21562507,231),(21598339,232),(21634884,233),(21660785,234),(21684508,235),(21723344,236),(21723721,237),(21775640,238),(21781027,239),(21781619,240),(21781681,241),(21781725,242),(21793705,243),(21974458,244),(21976884,245),(22040318,246),(22090129,247),(22090330,248),(22090333,249),(22090400,250),(22141132,251),(22141155,252),(22351819,253),(22351900,254),(22352199,255),(22485728,256),(22488411,257),(22488625,258),(22488745,259),(22508922,260),(22539277,261),(22662681,262),(22692609,263),(22737993,264),(22738113,265),(22814059,266),(22835570,267),(22835678,268),(22835931,269),(22836855,270),(22870686,271),(22944957,272),(23035827,273),(23066520,274),(23096336,275),(23096644,276),(23170837,277),(23207943,278),(23338376,279),(23349910,280),(23383304,281),(23383428,282),(23430610,283),(23468003,284),(23482663,285),(23546861,286),(23675117,287),(23675136,288),(23675148,289),(23675260,290),(23675431,291),(23690040,292),(23690119,293),(23737897,294),(23900628,295),(23901844,296),(23910719,297),(23951159,298),(23951555,299),(23951570,300),(24076719,301),(24090590,302),(24118105,303),(24130561,304),(24130661,305),(24131387,306),(24143117,307),(24143256,308),(24294655,309),(24294858,310),(24389202,311),(24485566,312),(24509951,313),(24516692,314),(24572255,315),(24572310,316),(24573249,317),(24573403,318),(24573604,319),(24600324,320),(24601104,321),(24601250,322),(24601563,323),(24601655,324),(24601704,325),(24644783,326),(24679829,327),(24679887,328),(24709560,329),(24769433,330),(24835945,331),(24865425,332),(24903025,333),(24932200,334),(24937904,335),(24985441,336),(24985506,337),(24989460,338),(25019526,339),(25066453,340),(25159104,341),(25192099,342),(25201554,343),(25231594,344),(25313007,345),(25316907,346),(25322125,347),(25340444,348),(25428447,349),(25450204,350),(25450265,351),(25489363,352),(25489484,353),(25535836,354),(25758210,355),(25767251,356),(25774560,357),(25860834,358),(25894270,359),(25895655,360),(25985040,361),(26082506,362),(26286013,363),(26286171,364),(26292240,365),(26292622,366),(26425752,367),(26447307,368),(26546441,369),(26578164,370),(26606894,371),(26623490,372),(26754871,373),(26776185,374),(26776882,375),(26849016,376),(26853222,377),(27054164,378),(27116817,379),(27200223,380),(27205305,381),(27221986,382),(27233372,383),(27233664,384),(27257937,385),(27366789,386),(27433794,387),(27433797,388),(27456218,389),(27456856,390),(27470356,391),(27504424,392),(27554105,393),(27574610,394),(27650131,395),(27685910,396),(27800047,397),(27800068,398),(27979166,399),(27979343,400),(27999936,401),(28017815,402),(28065205,403),(28065478,404),(28084616,405),(28118896,406),(28246117,407),(28466304,408),(28513597,409),(28552811,410),(28589963,411),(28610740,412),(28818364,413),(28832531,414),(28903354,415),(29008677,416),(29054393,417),(29241507,418),(29325180,419),(29411528,420),(29431996,421),(29441092,422),(29455785,423),(29596937,424),(29671618,425),(29671701,426),(29671992,427),(29698224,428),(29806907,429),(29806908,430),(30003106,431),(30084028,432),(30165274,433),(30255272,434),(30297834,435),(30362346,436),(30396924,437),(30398079,438),(30619550,439),(30687895,440),(30790108,441),(30790455,442),(30846541,443),(30935057,444),(33012397,445),(36408906,446),(92255489,447),(92452168,448),(93512269,449),(93997742,450);
/*!40000 ALTER TABLE `socia_estado` ENABLE KEYS */;
UNLOCK TABLES;

--
-- Table structure for table `socia_gol`
--

DROP TABLE IF EXISTS `socia_gol`;
/*!40101 SET @saved_cs_client     = @@character_set_client */;
/*!40101 SET character_set_client = utf8 */;
CREATE TABLE `socia_gol` (
  `Socia_DNI` bigint(20) NOT NULL,
  `goles_IDGOL` bigint(20) NOT NULL,
  PRIMARY KEY (`Socia_DNI`,`goles_IDGOL`),
  KEY `FK_SOCIA_GOL_goles_IDGOL` (`goles_IDGOL`),
  CONSTRAINT `FK_SOCIA_GOL_Socia_DNI` FOREIGN KEY (`Socia_DNI`) REFERENCES `socia` (`DNI`),
  CONSTRAINT `FK_SOCIA_GOL_goles_IDGOL` FOREIGN KEY (`goles_IDGOL`) REFERENCES `gol` (`IDGOL`)
) ENGINE=InnoDB DEFAULT CHARSET=utf8;
/*!40101 SET character_set_client = @saved_cs_client */;

--
-- Dumping data for table `socia_gol`
--

LOCK TABLES `socia_gol` WRITE;
/*!40000 ALTER TABLE `socia_gol` DISABLE KEYS */;
/*!40000 ALTER TABLE `socia_gol` ENABLE KEYS */;
UNLOCK TABLES;

--
-- Table structure for table `socia_pase`
--

DROP TABLE IF EXISTS `socia_pase`;
/*!40101 SET @saved_cs_client     = @@character_set_client */;
/*!40101 SET character_set_client = utf8 */;
CREATE TABLE `socia_pase` (
  `Socia_DNI` bigint(20) NOT NULL,
  `pases_IDPASE` bigint(20) NOT NULL,
  PRIMARY KEY (`Socia_DNI`,`pases_IDPASE`),
  KEY `FK_SOCIA_PASE_pases_IDPASE` (`pases_IDPASE`),
  CONSTRAINT `FK_SOCIA_PASE_Socia_DNI` FOREIGN KEY (`Socia_DNI`) REFERENCES `socia` (`DNI`),
  CONSTRAINT `FK_SOCIA_PASE_pases_IDPASE` FOREIGN KEY (`pases_IDPASE`) REFERENCES `pase` (`IDPASE`)
) ENGINE=InnoDB DEFAULT CHARSET=utf8;
/*!40101 SET character_set_client = @saved_cs_client */;

--
-- Dumping data for table `socia_pase`
--

LOCK TABLES `socia_pase` WRITE;
/*!40000 ALTER TABLE `socia_pase` DISABLE KEYS */;
INSERT INTO `socia_pase` VALUES (5917598,454),(6074300,458),(10534228,462),(10639418,466),(10955361,470),(11392148,474),(11399982,478),(11479299,482),(11479449,486),(11635309,490),(11661464,494),(11694515,498),(12296490,502),(12637259,506),(12637417,510),(12852501,514),(12898395,518),(12956647,522),(13004758,526),(13005252,530),(13005781,534),(13005891,538),(13005993,542),(13013763,546),(13248833,550),(13350813,554),(13421303,558),(13558172,562),(13658522,566),(13867641,570),(13897862,574),(13957943,578),(14181471,582),(14194183,586),(14209322,590),(14258039,594),(14258752,598),(14301412,602),(14335266,606),(14335484,610),(14469013,614),(14551343,618),(14713298,622),(14745833,626),(14745996,630),(14826658,634),(14826696,638),(14911492,642),(14926497,646),(14946666,650),(14946893,654),(14957513,658),(14960101,662),(14986595,666),(16163272,670),(16205157,674),(16356400,678),(16365101,682),(16365171,686),(16365251,690),(16367471,694),(16563703,698),(16650419,702),(16695422,706),(16695464,710),(16695503,714),(16695780,718),(16696948,722),(16829403,726),(16853984,730),(16871076,734),(16944749,738),(16986200,742),(16993353,746),(17039784,750),(17064155,754),(17093025,758),(17135365,762),(17135398,766),(17164587,770),(17170689,774),(17170744,778),(17216632,782),(17299811,786),(17312131,790),(17369473,794),(17378032,798),(17525644,802),(17525767,806),(17562547,810),(17562559,814),(17604599,818),(17630446,822),(17652488,826),(17675809,830),(17751922,834),(17760877,838),(17760927,842),(17773508,846),(17814471,850),(17831378,854),(17905182,858),(17952248,862),(17980404,866),(17980484,870),(18063802,874),(18095622,878),(18095845,882),(18180848,886),(18265145,890),(18290431,894),(18308518,898),(18438573,902),(18464360,906),(18465156,910),(18546184,914),(18683582,918),(18694386,922),(18701304,926),(18767528,930),(18776248,934),(18793716,938),(18801405,942),(20117775,946),(20117813,950),(20175929,954),(20186811,958),(20290582,962),(20338247,966),(20338614,970),(20338642,974),(20476201,978),(20484881,982),(20495953,986),(20500992,990),(20518423,994),(20545757,998),(20578722,1002),(20629246,1006),(20737427,1010),(20815489,1014),(20899640,1018),(20907159,1022),(20939295,1026),(21180225,1030),(21182875,1034),(21300349,1038),(21300428,1042),(21301810,1046),(21302821,1050),(21303869,1054),(21304070,1058),(21305751,1062),(21365232,1066),(21546890,1070),(21562507,1074),(21598339,1078),(21634884,1082),(21660785,1086),(21684508,1090),(21723344,1094),(21723721,1098),(21775640,1102),(21781027,1106),(21781619,1110),(21781681,1114),(21781725,1118),(21793705,1122),(21974458,1126),(21976884,1130),(22040318,1134),(22090129,1138),(22090330,1142),(22090333,1146),(22090400,1150),(22141132,1154),(22141155,1158),(22351819,1162),(22351900,1166),(22352199,1170),(22485728,1174),(22488411,1178),(22488625,1182),(22488745,1186),(22508922,1190),(22539277,1194),(22662681,1198),(22692609,1202),(22737993,1206),(22738113,1210),(22814059,1214),(22835570,1218),(22835678,1222),(22835931,1226),(22836855,1230),(22870686,1234),(22944957,1238),(23035827,1242),(23066520,1246),(23096336,1250),(23096644,1254),(23170837,1258),(23207943,1262),(23338376,1266),(23349910,1270),(23383304,1274),(23383428,1278),(23430610,1282),(23468003,1286),(23482663,1290),(23546861,1294),(23675117,1298),(23675136,1302),(23675148,1306),(23675260,1310),(23675431,1314),(23690040,1318),(23690119,1322),(23737897,1326),(23900628,1330),(23901844,1334),(23910719,1338),(23951159,1342),(23951555,1346),(23951570,1350),(24076719,1354),(24090590,1358),(24118105,1362),(24130561,1366),(24130661,1370),(24131387,1374),(24143117,1378),(24143256,1382),(24294655,1386),(24294858,1390),(24389202,1394),(24485566,1398),(24509951,1402),(24516692,1406),(24572255,1410),(24572310,1414),(24573249,1418),(24573403,1422),(24573604,1426),(24600324,1430),(24601104,1434),(24601250,1438),(24601563,1442),(24601655,1446),(24601704,1450),(24644783,1454),(24679829,1458),(24679887,1462),(24709560,1466),(24769433,1470),(24835945,1474),(24865425,1478),(24903025,1482),(24932200,1486),(24937904,1490),(24985441,1494),(24985506,1498),(24989460,1502),(25019526,1506),(25066453,1510),(25159104,1514),(25192099,1518),(25201554,1522),(25231594,1526),(25313007,1530),(25316907,1534),(25322125,1538),(25340444,1542),(25428447,1546),(25450204,1550),(25450265,1554),(25489363,1558),(25489484,1562),(25535836,1566),(25758210,1570),(25767251,1574),(25774560,1578),(25860834,1582),(25894270,1586),(25895655,1590),(25985040,1594),(26082506,1598),(26286013,1602),(26286171,1606),(26292240,1610),(26292622,1614),(26425752,1618),(26447307,1622),(26546441,1626),(26578164,1630),(26606894,1634),(26623490,1638),(26754871,1642),(26776185,1646),(26776882,1650),(26849016,1654),(26853222,1658),(27054164,1662),(27116817,1666),(27200223,1670),(27205305,1674),(27221986,1678),(27233372,1682),(27233664,1686),(27257937,1690),(27366789,1694),(27433794,1698),(27433797,1702),(27456218,1706),(27456856,1710),(27470356,1714),(27504424,1718),(27554105,1722),(27574610,1726),(27650131,1730),(27685910,1734),(27800047,1738),(27800068,1742),(27979166,1746),(27979343,1750),(27999936,1754),(28017815,1758),(28065205,1762),(28065478,1766),(28084616,1770),(28118896,1774),(28246117,1778),(28466304,1782),(28513597,1786),(28552811,1790),(28589963,1794),(28610740,1798),(28818364,1802),(28832531,1806),(28903354,1810),(29008677,1814),(29054393,1818),(29241507,1822),(29325180,1826),(29411528,1830),(29431996,1834),(29441092,1838),(29455785,1842),(29596937,1846),(29671618,1850),(29671701,1854),(29671992,1858),(29698224,1862),(29806907,1866),(29806908,1870),(30003106,1874),(30084028,1878),(30165274,1882),(30255272,1886),(30297834,1890),(30362346,1894),(30396924,1898),(30398079,1902),(30619550,1906),(30687895,1910),(30790108,1914),(30790455,1918),(30846541,1922),(30935057,1926),(33012397,1930),(36408906,1934),(92255489,1938),(92452168,1942),(93512269,1946),(93997742,1950);
/*!40000 ALTER TABLE `socia_pase` ENABLE KEYS */;
UNLOCK TABLES;

--
-- Table structure for table `socia_sanciontribunal`
--

DROP TABLE IF EXISTS `socia_sanciontribunal`;
/*!40101 SET @saved_cs_client     = @@character_set_client */;
/*!40101 SET character_set_client = utf8 */;
CREATE TABLE `socia_sanciontribunal` (
  `Socia_DNI` bigint(20) NOT NULL,
  `sancionesTribunal_IDSANCIONTRIBUNAL` bigint(20) NOT NULL,
  PRIMARY KEY (`Socia_DNI`,`sancionesTribunal_IDSANCIONTRIBUNAL`),
  KEY `SCSANCIONTRIBUNALsncionesTribunalIDSANCIONTRIBUNAL` (`sancionesTribunal_IDSANCIONTRIBUNAL`),
  CONSTRAINT `FK_SOCIA_SANCIONTRIBUNAL_Socia_DNI` FOREIGN KEY (`Socia_DNI`) REFERENCES `socia` (`DNI`),
  CONSTRAINT `SCSANCIONTRIBUNALsncionesTribunalIDSANCIONTRIBUNAL` FOREIGN KEY (`sancionesTribunal_IDSANCIONTRIBUNAL`) REFERENCES `sanciontribunal` (`IDSANCIONTRIBUNAL`)
) ENGINE=InnoDB DEFAULT CHARSET=utf8;
/*!40101 SET character_set_client = @saved_cs_client */;

--
-- Dumping data for table `socia_sanciontribunal`
--

LOCK TABLES `socia_sanciontribunal` WRITE;
/*!40000 ALTER TABLE `socia_sanciontribunal` DISABLE KEYS */;
/*!40000 ALTER TABLE `socia_sanciontribunal` ENABLE KEYS */;
UNLOCK TABLES;

--
-- Table structure for table `socia_tarjeta`
--

DROP TABLE IF EXISTS `socia_tarjeta`;
/*!40101 SET @saved_cs_client     = @@character_set_client */;
/*!40101 SET character_set_client = utf8 */;
CREATE TABLE `socia_tarjeta` (
  `Socia_DNI` bigint(20) NOT NULL,
  `tarjetas_IDTARJETA` bigint(20) NOT NULL,
  PRIMARY KEY (`Socia_DNI`,`tarjetas_IDTARJETA`),
  KEY `FK_SOCIA_TARJETA_tarjetas_IDTARJETA` (`tarjetas_IDTARJETA`),
  CONSTRAINT `FK_SOCIA_TARJETA_Socia_DNI` FOREIGN KEY (`Socia_DNI`) REFERENCES `socia` (`DNI`),
  CONSTRAINT `FK_SOCIA_TARJETA_tarjetas_IDTARJETA` FOREIGN KEY (`tarjetas_IDTARJETA`) REFERENCES `tarjeta` (`IDTARJETA`)
) ENGINE=InnoDB DEFAULT CHARSET=utf8;
/*!40101 SET character_set_client = @saved_cs_client */;

--
-- Dumping data for table `socia_tarjeta`
--

LOCK TABLES `socia_tarjeta` WRITE;
/*!40000 ALTER TABLE `socia_tarjeta` DISABLE KEYS */;
/*!40000 ALTER TABLE `socia_tarjeta` ENABLE KEYS */;
UNLOCK TABLES;

--
-- Table structure for table `tarjeta`
--

DROP TABLE IF EXISTS `tarjeta`;
/*!40101 SET @saved_cs_client     = @@character_set_client */;
/*!40101 SET character_set_client = utf8 */;
CREATE TABLE `tarjeta` (
  `IDTARJETA` bigint(20) NOT NULL,
  `BORRADOLOGICO` tinyint(1) DEFAULT '0',
  `COMPUTADO` tinyint(1) DEFAULT '0',
  `FECHA` date DEFAULT NULL,
  `MINUTO` varchar(255) DEFAULT NULL,
  `MOTIVO` varchar(1000) DEFAULT NULL,
  `TIEMPO` varchar(255) DEFAULT NULL,
  `TIPO` varchar(255) DEFAULT NULL,
  `UNTORNEO_IDTORNEO` bigint(20) DEFAULT NULL,
  PRIMARY KEY (`IDTARJETA`),
  KEY `FK_TARJETA_UNTORNEO_IDTORNEO` (`UNTORNEO_IDTORNEO`),
  CONSTRAINT `FK_TARJETA_UNTORNEO_IDTORNEO` FOREIGN KEY (`UNTORNEO_IDTORNEO`) REFERENCES `torneo` (`IDTORNEO`)
) ENGINE=InnoDB DEFAULT CHARSET=utf8;
/*!40101 SET character_set_client = @saved_cs_client */;

--
-- Dumping data for table `tarjeta`
--

LOCK TABLES `tarjeta` WRITE;
/*!40000 ALTER TABLE `tarjeta` DISABLE KEYS */;
/*!40000 ALTER TABLE `tarjeta` ENABLE KEYS */;
UNLOCK TABLES;

--
-- Table structure for table `tipocancha`
--

DROP TABLE IF EXISTS `tipocancha`;
/*!40101 SET @saved_cs_client     = @@character_set_client */;
/*!40101 SET character_set_client = utf8 */;
CREATE TABLE `tipocancha` (
  `IDTIPOCANCHA` bigint(20) NOT NULL,
  `BORRADOLOGICO` tinyint(1) DEFAULT '0',
  `NOMBRE` varchar(255) DEFAULT NULL,
  PRIMARY KEY (`IDTIPOCANCHA`)
) ENGINE=InnoDB DEFAULT CHARSET=utf8;
/*!40101 SET character_set_client = @saved_cs_client */;

--
-- Dumping data for table `tipocancha`
--

LOCK TABLES `tipocancha` WRITE;
/*!40000 ALTER TABLE `tipocancha` DISABLE KEYS */;
INSERT INTO `tipocancha` VALUES (1,0,'Sintetica c/Luz'),(2,0,'Tierra Batida c/Luz'),(3,0,'Pasto c/Luz'),(4,0,'Polvo de Ladrillo c/Luz'),(5,0,'Sintetica s/Luz'),(6,0,'Tierra Batidas/Luz'),(7,0,'Pastos/Luz'),(8,0,'Polvo de Ladrillos/Luz');
/*!40000 ALTER TABLE `tipocancha` ENABLE KEYS */;
UNLOCK TABLES;

--
-- Table structure for table `tipoestado`
--

DROP TABLE IF EXISTS `tipoestado`;
/*!40101 SET @saved_cs_client     = @@character_set_client */;
/*!40101 SET character_set_client = utf8 */;
CREATE TABLE `tipoestado` (
  `IDTIPOESTADO` bigint(20) NOT NULL,
  `BORRADOLOGICO` tinyint(1) DEFAULT '0',
  `NOMBRE` varchar(255) DEFAULT NULL,
  PRIMARY KEY (`IDTIPOESTADO`)
) ENGINE=InnoDB DEFAULT CHARSET=utf8;
/*!40101 SET character_set_client = @saved_cs_client */;

--
-- Dumping data for table `tipoestado`
--

LOCK TABLES `tipoestado` WRITE;
/*!40000 ALTER TABLE `tipoestado` DISABLE KEYS */;
INSERT INTO `tipoestado` VALUES (1,0,'Socia'),(2,0,'Jugadora'),(3,0,'Licencia'),(4,0,'Baja'),(5,0,'Baja por Mora');
/*!40000 ALTER TABLE `tipoestado` ENABLE KEYS */;
UNLOCK TABLES;

--
-- Table structure for table `torneo`
--

DROP TABLE IF EXISTS `torneo`;
/*!40101 SET @saved_cs_client     = @@character_set_client */;
/*!40101 SET character_set_client = utf8 */;
CREATE TABLE `torneo` (
  `IDTORNEO` bigint(20) NOT NULL,
  `BORRADOLOGICO` tinyint(1) DEFAULT '0',
  `FECHAINICIO` date DEFAULT NULL,
  `NOMBRE` varchar(255) DEFAULT NULL,
  `UNTORNEOPADRE_IDTORNEO` bigint(20) DEFAULT NULL,
  `UNACATEGORIA_IDCATEGORIA` bigint(20) DEFAULT NULL,
  PRIMARY KEY (`IDTORNEO`),
  KEY `FK_TORNEO_UNTORNEOPADRE_IDTORNEO` (`UNTORNEOPADRE_IDTORNEO`),
  KEY `FK_TORNEO_UNACATEGORIA_IDCATEGORIA` (`UNACATEGORIA_IDCATEGORIA`),
  CONSTRAINT `FK_TORNEO_UNACATEGORIA_IDCATEGORIA` FOREIGN KEY (`UNACATEGORIA_IDCATEGORIA`) REFERENCES `categoria` (`IDCATEGORIA`),
  CONSTRAINT `FK_TORNEO_UNTORNEOPADRE_IDTORNEO` FOREIGN KEY (`UNTORNEOPADRE_IDTORNEO`) REFERENCES `torneo` (`IDTORNEO`)
) ENGINE=InnoDB DEFAULT CHARSET=utf8;
/*!40101 SET character_set_client = @saved_cs_client */;

--
-- Dumping data for table `torneo`
--

LOCK TABLES `torneo` WRITE;
/*!40000 ALTER TABLE `torneo` DISABLE KEYS */;
INSERT INTO `torneo` VALUES (3201,0,'2015-04-01','qwerty',NULL,1);
/*!40000 ALTER TABLE `torneo` ENABLE KEYS */;
UNLOCK TABLES;

--
-- Table structure for table `torneo_equipo`
--

DROP TABLE IF EXISTS `torneo_equipo`;
/*!40101 SET @saved_cs_client     = @@character_set_client */;
/*!40101 SET character_set_client = utf8 */;
CREATE TABLE `torneo_equipo` (
  `Torneo_IDTORNEO` bigint(20) NOT NULL,
  `equiposInscriptos_IDEQUIPO` bigint(20) NOT NULL,
  PRIMARY KEY (`Torneo_IDTORNEO`,`equiposInscriptos_IDEQUIPO`),
  KEY `FK_TORNEO_EQUIPO_equiposInscriptos_IDEQUIPO` (`equiposInscriptos_IDEQUIPO`),
  CONSTRAINT `FK_TORNEO_EQUIPO_Torneo_IDTORNEO` FOREIGN KEY (`Torneo_IDTORNEO`) REFERENCES `torneo` (`IDTORNEO`),
  CONSTRAINT `FK_TORNEO_EQUIPO_equiposInscriptos_IDEQUIPO` FOREIGN KEY (`equiposInscriptos_IDEQUIPO`) REFERENCES `equipo` (`IDEQUIPO`)
) ENGINE=InnoDB DEFAULT CHARSET=utf8;
/*!40101 SET character_set_client = @saved_cs_client */;

--
-- Dumping data for table `torneo_equipo`
--

LOCK TABLES `torneo_equipo` WRITE;
/*!40000 ALTER TABLE `torneo_equipo` DISABLE KEYS */;
/*!40000 ALTER TABLE `torneo_equipo` ENABLE KEYS */;
UNLOCK TABLES;

--
-- Table structure for table `torneo_fechatorneo`
--

DROP TABLE IF EXISTS `torneo_fechatorneo`;
/*!40101 SET @saved_cs_client     = @@character_set_client */;
/*!40101 SET character_set_client = utf8 */;
CREATE TABLE `torneo_fechatorneo` (
  `Torneo_IDTORNEO` bigint(20) NOT NULL,
  `fechasTorneo_IDFECHA` bigint(20) NOT NULL,
  PRIMARY KEY (`Torneo_IDTORNEO`,`fechasTorneo_IDFECHA`),
  KEY `FK_TORNEO_FECHATORNEO_fechasTorneo_IDFECHA` (`fechasTorneo_IDFECHA`),
  CONSTRAINT `FK_TORNEO_FECHATORNEO_Torneo_IDTORNEO` FOREIGN KEY (`Torneo_IDTORNEO`) REFERENCES `torneo` (`IDTORNEO`),
  CONSTRAINT `FK_TORNEO_FECHATORNEO_fechasTorneo_IDFECHA` FOREIGN KEY (`fechasTorneo_IDFECHA`) REFERENCES `fechatorneo` (`IDFECHA`)
) ENGINE=InnoDB DEFAULT CHARSET=utf8;
/*!40101 SET character_set_client = @saved_cs_client */;

--
-- Dumping data for table `torneo_fechatorneo`
--

LOCK TABLES `torneo_fechatorneo` WRITE;
/*!40000 ALTER TABLE `torneo_fechatorneo` DISABLE KEYS */;
/*!40000 ALTER TABLE `torneo_fechatorneo` ENABLE KEYS */;
UNLOCK TABLES;
/*!40103 SET TIME_ZONE=@OLD_TIME_ZONE */;

/*!40101 SET SQL_MODE=@OLD_SQL_MODE */;
/*!40014 SET FOREIGN_KEY_CHECKS=@OLD_FOREIGN_KEY_CHECKS */;
/*!40014 SET UNIQUE_CHECKS=@OLD_UNIQUE_CHECKS */;
/*!40101 SET CHARACTER_SET_CLIENT=@OLD_CHARACTER_SET_CLIENT */;
/*!40101 SET CHARACTER_SET_RESULTS=@OLD_CHARACTER_SET_RESULTS */;
/*!40101 SET COLLATION_CONNECTION=@OLD_COLLATION_CONNECTION */;
/*!40111 SET SQL_NOTES=@OLD_SQL_NOTES */;

-- Dump completed on 2015-05-18 10:12:58
